-- MySQL dump 10.13  Distrib 8.0.28, for Win64 (x86_64)
--
-- Host: localhost    Database: crime
-- ------------------------------------------------------
-- Server version	8.0.28

/*!40101 SET @OLD_CHARACTER_SET_CLIENT=@@CHARACTER_SET_CLIENT */;
/*!40101 SET @OLD_CHARACTER_SET_RESULTS=@@CHARACTER_SET_RESULTS */;
/*!40101 SET @OLD_COLLATION_CONNECTION=@@COLLATION_CONNECTION */;
/*!50503 SET NAMES utf8 */;
/*!40103 SET @OLD_TIME_ZONE=@@TIME_ZONE */;
/*!40103 SET TIME_ZONE='+00:00' */;
/*!40014 SET @OLD_UNIQUE_CHECKS=@@UNIQUE_CHECKS, UNIQUE_CHECKS=0 */;
/*!40014 SET @OLD_FOREIGN_KEY_CHECKS=@@FOREIGN_KEY_CHECKS, FOREIGN_KEY_CHECKS=0 */;
/*!40101 SET @OLD_SQL_MODE=@@SQL_MODE, SQL_MODE='NO_AUTO_VALUE_ON_ZERO' */;
/*!40111 SET @OLD_SQL_NOTES=@@SQL_NOTES, SQL_NOTES=0 */;

--
-- Table structure for table `location_t`
--

DROP TABLE IF EXISTS `location_t`;
/*!40101 SET @saved_cs_client     = @@character_set_client */;
/*!50503 SET character_set_client = utf8mb4 */;
CREATE TABLE `location_t` (
  `area_code` int NOT NULL,
  `area_name` varchar(20) DEFAULT NULL,
  `cctv_count` int DEFAULT NULL,
  `population_density` int DEFAULT NULL,
  `rounds_per_day` int DEFAULT NULL,
  PRIMARY KEY (`area_code`)
) ENGINE=InnoDB DEFAULT CHARSET=utf8mb4 COLLATE=utf8mb4_0900_ai_ci;
/*!40101 SET character_set_client = @saved_cs_client */;

--
-- Dumping data for table `location_t`
--

LOCK TABLES `location_t` WRITE;
/*!40000 ALTER TABLE `location_t` DISABLE KEYS */;
INSERT INTO `location_t` VALUES (223,'West Valley',268,3950,8),(261,'77th Street',150,8889,9),(322,'Southwest',168,7800,8),(323,'Northeast',255,4100,9),(336,'Van Nuys',250,4149,9),(371,'West LA',244,5500,9),(425,'Rampart',165,8500,5),(887,'Newton',275,3409,12),(893,'Harbor',180,6500,10),(990,'Hollenbeck',170,6686,5),(1001,'Hollywood',280,3200,8);
/*!40000 ALTER TABLE `location_t` ENABLE KEYS */;
UNLOCK TABLES;

--
-- Table structure for table `officer_t`
--

DROP TABLE IF EXISTS `officer_t`;
/*!40101 SET @saved_cs_client     = @@character_set_client */;
/*!50503 SET character_set_client = utf8mb4 */;
CREATE TABLE `officer_t` (
  `officer_code` int NOT NULL,
  `officer_name` varchar(30) DEFAULT NULL,
  `officer_sex` char(1) DEFAULT NULL,
  `avg_close_days` int DEFAULT NULL,
  `precinct_code` int DEFAULT NULL,
  PRIMARY KEY (`officer_code`)
) ENGINE=InnoDB DEFAULT CHARSET=utf8mb4 COLLATE=utf8mb4_0900_ai_ci;
/*!40101 SET character_set_client = @saved_cs_client */;

--
-- Dumping data for table `officer_t`
--

LOCK TABLES `officer_t` WRITE;
/*!40000 ALTER TABLE `officer_t` DISABLE KEYS */;
INSERT INTO `officer_t` VALUES (1023,'Everrett','M',12,2),(1024,'Izreal','M',9,6),(1025,'Jeret','M',14,3),(1026,'Jermale','M',9,3),(1027,'Jonavan','M',8,3),(1028,'Keahi','M',14,6),(1029,'Keysean','M',9,3),(1030,'Khayri','M',13,3),(1031,'Kowen','M',13,1),(1032,'Makani','M',13,4),(1033,'Niki','M',14,4),(1034,'Press','M',14,4),(1111,'Kaushik','M',8,1),(2033,'Ray','M',14,1),(2034,'Royston','M',11,2),(2035,'Rue','M',12,3),(2036,'Tasean','M',8,4),(2037,'Traivon','M',12,6),(2038,'Veldon','M',11,3),(2039,'Vikash','M',10,1),(2040,'Yassir','M',13,5),(2041,'Afrika','F',11,5),(2042,'Amilah','F',12,1),(3223,'Anayely','F',11,4),(3245,'Arretta','F',12,3),(3246,'Bonnell','F',9,3),(3247,'Christon','F',14,2),(3248,'Ciel','F',11,2),(3249,'Cledith','F',13,2),(3250,'Courtnei','F',14,4),(3251,'Genever','F',11,4),(3256,'Gracelin','F',11,7),(3258,'Ismerai','F',14,2),(3259,'Kla','F',8,6),(3260,'Loletha','F',14,6),(3261,'Lorian','F',10,4),(3262,'Lucyle','F',11,6),(3263,'Lundon','F',9,7),(4001,'Lynnie','F',10,2),(4002,'Lynnmarie','F',12,5),(4003,'Melah','F',10,5),(4004,'Mirakle','F',9,3),(4005,'Nabeeha','F',10,4),(4010,'Neeka','F',13,5),(4011,'Nyiesha','F',9,2),(4111,'Rakayla','F',8,1),(4112,'Rashae','F',14,4),(4444,'Miciah','F',8,1),(5100,'Rheda','F',12,7),(5245,'Scotlynn','F',9,5),(5555,'Shaaron','F',13,7),(6011,'Shatonya','F',9,2),(7010,'Syann','F',9,3),(7100,'Varnika','F',12,7);
/*!40000 ALTER TABLE `officer_t` ENABLE KEYS */;
UNLOCK TABLES;

--
-- Table structure for table `report_t`
--

DROP TABLE IF EXISTS `report_t`;
/*!40101 SET @saved_cs_client     = @@character_set_client */;
/*!50503 SET character_set_client = utf8mb4 */;
CREATE TABLE `report_t` (
  `report_no` int NOT NULL,
  `incident_time` time DEFAULT NULL,
  `complaint_type` varchar(10) DEFAULT NULL,
  `cctv_flag` varchar(5) DEFAULT NULL,
  `area_code` int DEFAULT NULL,
  `victim_code` int DEFAULT NULL,
  `offender_code` int DEFAULT NULL,
  `offender_name` varchar(20) DEFAULT NULL,
  `offender_sex` char(1) DEFAULT NULL,
  `offender_age` int DEFAULT NULL,
  `repeated_offender` varchar(3) DEFAULT NULL,
  `no_of_offences` int DEFAULT NULL,
  `offender_relation` varchar(3) DEFAULT NULL,
  `officer_code` int DEFAULT NULL,
  `case_status_code` char(2) DEFAULT NULL,
  `case_status_desc` varchar(30) DEFAULT NULL,
  `crime_code` int DEFAULT NULL,
  `crime_type` varchar(30) DEFAULT NULL,
  `weapon_code` int DEFAULT NULL,
  `weapon_desc` varchar(30) DEFAULT NULL,
  `week_number` int DEFAULT NULL,
  PRIMARY KEY (`report_no`)
) ENGINE=InnoDB DEFAULT CHARSET=utf8mb4 COLLATE=utf8mb4_0900_ai_ci;
/*!40101 SET character_set_client = @saved_cs_client */;

--
-- Dumping data for table `report_t`
--

LOCK TABLES `report_t` WRITE;
/*!40000 ALTER TABLE `report_t` DISABLE KEYS */;
INSERT INTO `report_t` VALUES (190101086,'03:30:00','Phone','FALSE',990,9871,838569,'Evangeline','M',25,'Yes',7,'No',1028,'IC','Invest Cont',624,'BATTERY - SIMPLE ASSAULT',500,'UNKNOWN WEAPON/OTHER WEAPON',1),(191501505,'17:30:00','In-Person','TRUE',893,59180,2358502,'Adan','M',23,'Yes',2,'No',4010,'IC','Invest Cont',745,'VANDALISM - MISDEAMEANOR ($399',306,'ROCK/THROWN OBJECT',1),(200100501,'00:30:00','Phone','TRUE',887,33233,949516,'Willa','M',31,'Yes',2,'No',4010,'IC','Invest Cont',121,'RAPE, FORCIBLE',511,'VERBAL THREAT',1),(200100502,'13:15:00','Email','TRUE',990,94634,951627,'Sondra','M',40,'Yes',7,'No',1028,'IC','Invest Cont',442,'SHOPLIFTING - PETTY THEFT ($95',400,'STRONG-ARM (HANDS, FIST, FEET ',1),(200100504,'00:40:00','Email','TRUE',990,99438,1127185,'Anderson','M',40,'Yes',1,'No',1028,'IC','Invest Cont',946,'OTHER MISCELLANEOUS CRIME',204,'FOLDING KNIFE',1),(200100507,'02:00:00','Email','FALSE',336,43888,297867,'Boyd','M',30,'Yes',2,'No',2035,'IC','Invest Cont',341,'THEFT-GRAND ($950.01 & OVER)EX',208,'RAZOR',1),(200100509,'22:00:00','Email','FALSE',371,52299,527795,'Mickey','M',36,'Yes',2,'No',3245,'IC','Invest Cont',330,'BURGLARY FROM VEHICLE',302,'BLUNT INSTRUMENT',1),(200100510,'09:55:00','Phone','FALSE',336,89061,364686,'Hayden','M',37,'Yes',2,'No',3245,'IC','Invest Cont',930,'CRIMINAL THREATS - NO WEAPON D',212,'BOTTLE',1),(200100514,'13:55:00','In-Person','FALSE',990,36445,787093,'Harmony','M',41,'Yes',6,'No',1028,'AA','Adult Arrest',341,'THEFT-GRAND ($950.01 & OVER)EX',208,'RAZOR',1),(200100515,'16:38:00','Phone','TRUE',336,21042,1833848,'Grover','M',32,'Yes',1,'No',3245,'IC','Invest Cont',648,'ARSON',218,'OTHER CUTTING INSTRUMENT',1),(200100520,'18:05:00','Email','TRUE',990,2062,2299935,'Trudy','M',41,'Yes',5,'No',3260,'IC','Invest Cont',442,'SHOPLIFTING - PETTY THEFT ($95',400,'STRONG-ARM (HANDS, FIST, FEET ',1),(200100535,'13:30:00','In-Person','FALSE',887,78244,232057,'Hilary','M',30,'Yes',1,'No',4010,'IC','Invest Cont',210,'ROBBERY',515,'PHYSICAL PRESENCE',1),(200100538,'17:30:00','Phone','FALSE',336,3724,794569,'Staci','M',40,'Yes',2,'No',2035,'IC','Invest Cont',341,'THEFT-GRAND ($950.01 & OVER)EX',208,'RAZOR',1),(200100543,'14:45:00','Phone','FALSE',322,52392,633757,'Johnathon','M',41,'Yes',2,'No',1023,'IC','Invest Cont',442,'SHOPLIFTING - PETTY THEFT ($95',400,'STRONG-ARM (HANDS, FIST, FEET ',1),(200100546,'07:00:00','In-Person','FALSE',371,19139,801151,'Pat','M',35,'Yes',1,'No',3245,'AO','Adult Other',230,'ASSAULT WITH DEADLY WEAPON, AG',216,'SCISSORS',1),(200100552,'20:00:00','Phone','TRUE',887,91038,318773,'Jenifer','M',34,'Yes',2,'No',4010,'AA','Adult Arrest',230,'ASSAULT WITH DEADLY WEAPON, AG',216,'SCISSORS',1),(200100556,'04:00:00','Email','FALSE',425,120777,734065,'Dewayne','M',30,'Yes',2,'No',3251,'IC','Invest Cont',121,'RAPE, FORCIBLE',511,'VERBAL THREAT',1),(200100559,'06:00:00','Phone','TRUE',990,8983,1091845,'Camryn','M',35,'Yes',1,'No',3260,'AO','Adult Other',910,'KIDNAPPING',308,'STICK',1),(200100568,'15:00:00','In-Person','FALSE',336,105565,2038483,'Kailey','M',37,'Yes',2,'No',2035,'IC','Invest Cont',930,'CRIMINAL THREATS - NO WEAPON D',212,'BOTTLE',1),(200100572,'21:00:00','In-Person','FALSE',336,64443,1480238,'Brenden','M',35,'Yes',2,'No',3245,'IC','Invest Cont',740,'VANDALISM - FELONY ($400 & OVE',200,'KNIFE WITH BLADE 6INCHES OR LE',1),(200100574,'19:30:00','Email','FALSE',990,11360,146118,'Luz','M',31,'Yes',2,'No',3260,'IC','Invest Cont',442,'SHOPLIFTING - PETTY THEFT ($95',400,'STRONG-ARM (HANDS, FIST, FEET ',1),(200100576,'00:55:00','Phone','FALSE',371,92985,2361245,'Eve','M',41,'Yes',2,'No',2035,'AA','Adult Arrest',910,'KIDNAPPING',308,'STICK',1),(200100578,'20:40:00','Email','FALSE',336,10077,1042149,'Freddy','M',36,'Yes',7,'No',2035,'AA','Adult Arrest',230,'ASSAULT WITH DEADLY WEAPON, AG',216,'SCISSORS',1),(200100583,'09:20:00','Email','FALSE',371,122230,549790,'King','M',34,'Yes',6,'No',2035,'AA','Adult Arrest',230,'ASSAULT WITH DEADLY WEAPON, AG',216,'SCISSORS',1),(200100584,'16:45:00','Email','FALSE',1001,99506,1959059,'Jerald','M',32,'Yes',5,'No',3256,'IC','Invest Cont',442,'SHOPLIFTING - PETTY THEFT ($95',400,'STRONG-ARM (HANDS, FIST, FEET ',1),(200100587,'11:35:00','Email','FALSE',371,39467,2337976,'Ximena','M',41,'Yes',1,'No',1027,'IC','Invest Cont',740,'VANDALISM - FELONY ($400 & OVE',200,'KNIFE WITH BLADE 6INCHES OR LE',1),(200100596,'16:00:00','Phone','FALSE',336,25253,1064595,'Maverick','M',31,'Yes',3,'No',3245,'IC','Invest Cont',442,'SHOPLIFTING - PETTY THEFT ($95',400,'STRONG-ARM (HANDS, FIST, FEET ',1),(200100708,'15:30:00','Phone','FALSE',990,71122,1086406,'Amya','F',40,'Yes',6,'No',3260,'IC','Invest Cont',624,'BATTERY - SIMPLE ASSAULT',500,'UNKNOWN WEAPON/OTHER WEAPON',4),(200100799,'01:53:00','Phone','FALSE',336,40645,905109,'Judson','M',35,'Yes',7,'No',3245,'IC','Invest Cont',310,'BURGLARY',113,'SIMULATED GUN',4),(200104020,'02:45:00','In-Person','FALSE',336,110057,943136,'Greta','M',41,'Yes',3,'No',3245,'IC','Invest Cont',350,'THEFT, PERSON',221,'GLASS',1),(200104024,'03:25:00','Phone','FALSE',887,118774,587956,'Glenna','M',40,'Yes',1,'No',4010,'IC','Invest Cont',740,'VANDALISM - FELONY ($400 & OVE',200,'KNIFE WITH BLADE 6INCHES OR LE',1),(200104027,'00:30:00','Email','FALSE',990,39203,1164413,'Heaven','M',39,'Yes',4,'No',3260,'IC','Invest Cont',930,'CRIMINAL THREATS - NO WEAPON D',212,'BOTTLE',1),(200104033,'02:30:00','Phone','FALSE',323,98693,104303,'Eldon','M',30,'Yes',2,'No',1023,'IC','Invest Cont',626,'INTIMATE PARTNER - SIMPLE ASSA',109,'SEMI-AUTOMATIC PISTOL',1),(200104035,'02:30:00','In-Person','FALSE',893,60169,965944,'Kiana','M',34,'Yes',3,'No',4010,'IC','Invest Cont',310,'BURGLARY',113,'SIMULATED GUN',1),(200104036,'05:00:00','Email','FALSE',893,57832,1993796,'Blanca','M',41,'Yes',2,'No',4010,'IC','Invest Cont',860,'BATTERY WITH SEXUAL CONTACT',201,'KNIFE WITH BLADE OVER 6 INCHES',1),(200104038,'12:00:00','Phone','FALSE',990,11665,1898115,'Walker','M',37,'Yes',7,'No',1028,'IC','Invest Cont',230,'ASSAULT WITH DEADLY WEAPON, AG',216,'SCISSORS',1),(200104039,'03:44:00','Email','FALSE',887,72731,876357,'Jonas','M',39,'Yes',3,'No',4010,'IC','Invest Cont',745,'VANDALISM - MISDEAMEANOR ($399',306,'ROCK/THROWN OBJECT',1),(200104041,'10:30:00','Email','FALSE',425,66229,321126,'Nannie','M',39,'Yes',3,'No',2036,'IC','Invest Cont',480,'BIKE - STOLEN',504,'DEMAND NOTE',1),(200104043,'12:00:00','Email','FALSE',990,8355,1050331,'Jess','M',33,'Yes',3,'No',1028,'IC','Invest Cont',745,'VANDALISM - MISDEAMEANOR ($399',306,'ROCK/THROWN OBJECT',1),(200104047,'09:05:00','Phone','FALSE',336,41878,2326400,'Marley','M',30,'Yes',3,'No',2035,'IC','Invest Cont',623,'BATTERY POLICE (SIMPLE)',215,'MACHETE',1),(200104048,'09:05:00','Phone','FALSE',990,101910,2169193,'Quincy','M',36,'Yes',3,'No',3260,'IC','Invest Cont',623,'BATTERY POLICE (SIMPLE)',215,'MACHETE',1),(200104051,'02:00:00','Email','FALSE',893,60900,263333,'Clarice','M',37,'Yes',3,'No',4010,'IC','Invest Cont',440,'THEFT PLAIN - PETTY ($950 & UN',102,'HAND GUN',1),(200104054,'23:30:00','Email','FALSE',336,53198,50908,'Guadalupe','M',41,'Yes',3,'No',3245,'IC','Invest Cont',624,'BATTERY - SIMPLE ASSAULT',500,'UNKNOWN WEAPON/OTHER WEAPON',1),(200104057,'20:45:00','Phone','FALSE',371,28661,1603337,'Chasity','M',30,'Yes',7,'No',2035,'IC','Invest Cont',230,'ASSAULT WITH DEADLY WEAPON, AG',216,'SCISSORS',1),(200104058,'19:40:00','In-Person','FALSE',336,123254,2388619,'Leanna','M',35,'Yes',5,'No',3245,'IC','Invest Cont',624,'BATTERY - SIMPLE ASSAULT',500,'UNKNOWN WEAPON/OTHER WEAPON',1),(200104060,'18:00:00','Email','FALSE',371,22448,1132284,'Frieda','M',37,'Yes',3,'No',3245,'IC','Invest Cont',624,'BATTERY - SIMPLE ASSAULT',500,'UNKNOWN WEAPON/OTHER WEAPON',1),(200104063,'20:30:00','In-Person','FALSE',887,104869,4138,'Emerson','M',35,'Yes',3,'No',4010,'IC','Invest Cont',341,'THEFT-GRAND ($950.01 & OVER)EX',208,'RAZOR',1),(200104065,'18:30:00','In-Person','FALSE',990,44833,638454,'Isla','M',35,'Yes',3,'No',1028,'IC','Invest Cont',745,'VANDALISM - MISDEAMEANOR ($399',306,'ROCK/THROWN OBJECT',1),(200104066,'23:15:00','Phone','FALSE',371,88818,2242269,'Rogelio','M',41,'Yes',3,'No',3245,'IC','Invest Cont',745,'VANDALISM - MISDEAMEANOR ($399',306,'ROCK/THROWN OBJECT',1),(200104069,'05:45:00','Email','FALSE',425,109135,2240257,'Ryleigh','M',40,'Yes',7,'No',1033,'IC','Invest Cont',310,'BURGLARY',113,'SIMULATED GUN',1),(200104073,'03:45:00','In-Person','FALSE',990,16377,1418237,'Ramiro','M',32,'Yes',3,'No',1024,'IC','Invest Cont',510,'VEHICLE - STOLEN',207,'OTHER KNIFE',1),(200104075,'20:00:00','Email','FALSE',322,6474,1563525,'Darwin','M',34,'Yes',1,'No',1023,'IC','Invest Cont',440,'THEFT PLAIN - PETTY ($950 & UN',102,'HAND GUN',1),(200104076,'03:00:00','In-Person','FALSE',371,14306,232115,'Murray','M',36,'Yes',5,'No',2035,'IC','Invest Cont',341,'THEFT-GRAND ($950.01 & OVER)EX',208,'RAZOR',1),(200104077,'20:30:00','Phone','FALSE',893,84686,1972269,'Aniyah','M',36,'Yes',5,'No',4010,'IC','Invest Cont',330,'BURGLARY FROM VEHICLE',302,'BLUNT INSTRUMENT',1),(200104078,'08:20:00','Email','FALSE',371,32405,721490,'Cary','M',32,'Yes',1,'No',3245,'IC','Invest Cont',210,'ROBBERY',515,'PHYSICAL PRESENCE',1),(200104082,'12:25:00','Email','FALSE',371,65657,2337097,'Brynn','M',31,'Yes',1,'No',2035,'IC','Invest Cont',624,'BATTERY - SIMPLE ASSAULT',500,'UNKNOWN WEAPON/OTHER WEAPON',1),(200104090,'13:05:00','Phone','FALSE',336,44798,1012919,'Leann','M',40,'Yes',7,'No',2035,'IC','Invest Cont',910,'KIDNAPPING',308,'STICK',1),(200104092,'12:00:00','Phone','FALSE',893,47506,2219470,'Maribel','M',30,'Yes',3,'No',5245,'IC','Invest Cont',310,'BURGLARY',113,'SIMULATED GUN',1),(200104098,'12:40:00','Phone','FALSE',322,122012,837673,'Edmond','M',35,'Yes',3,'No',1023,'AO','Adult Other',210,'ROBBERY',515,'PHYSICAL PRESENCE',1),(200104101,'08:00:00','In-Person','FALSE',425,99286,1679292,'Kenya','M',39,'Yes',5,'No',2036,'IC','Invest Cont',626,'INTIMATE PARTNER - SIMPLE ASSA',109,'SEMI-AUTOMATIC PISTOL',1),(200104118,'16:00:00','In-Person','FALSE',322,59000,138442,'Bobbi','M',37,'Yes',4,'No',4011,'IC','Invest Cont',624,'BATTERY - SIMPLE ASSAULT',500,'UNKNOWN WEAPON/OTHER WEAPON',1),(200104120,'14:50:00','Email','FALSE',990,82910,1105892,'Larissa','M',34,'Yes',3,'No',1028,'IC','Invest Cont',310,'BURGLARY',113,'SIMULATED GUN',1),(200104126,'12:15:00','In-Person','FALSE',371,21823,805405,'Jean','M',40,'Yes',5,'No',3245,'IC','Invest Cont',442,'SHOPLIFTING - PETTY THEFT ($95',400,'STRONG-ARM (HANDS, FIST, FEET ',1),(200104127,'11:30:00','In-Person','FALSE',322,68917,813814,'Margo','M',37,'Yes',3,'No',1023,'IC','Invest Cont',888,'TRESPASSING',501,'BOMB THREAT',1),(200104129,'03:20:00','Email','FALSE',990,72071,92783,'Lizbeth','M',36,'Yes',3,'No',3260,'IC','Invest Cont',230,'ASSAULT WITH DEADLY WEAPON, AG',216,'SCISSORS',1),(200104132,'19:15:00','In-Person','FALSE',1001,24108,1680438,'Tiara','M',36,'Yes',3,'No',5555,'IC','Invest Cont',910,'KIDNAPPING',308,'STICK',1),(200104135,'20:00:00','Email','FALSE',990,13098,646605,'Gael','M',36,'Yes',3,'No',3260,'IC','Invest Cont',440,'THEFT PLAIN - PETTY ($950 & UN',102,'HAND GUN',1),(200104136,'20:00:00','Email','FALSE',425,62213,828908,'Marquis','M',39,'Yes',3,'No',2036,'AA','Adult Arrest',230,'ASSAULT WITH DEADLY WEAPON, AG',216,'SCISSORS',1),(200104138,'17:40:00','In-Person','FALSE',990,19736,1386803,'Thaddeus','M',33,'Yes',6,'No',3260,'IC','Invest Cont',230,'ASSAULT WITH DEADLY WEAPON, AG',216,'SCISSORS',1),(200104139,'22:10:00','In-Person','FALSE',990,83712,1229723,'Harley','M',39,'Yes',3,'No',3259,'IC','Invest Cont',888,'TRESPASSING',501,'BOMB THREAT',1),(200104140,'21:45:00','In-Person','FALSE',371,57381,531960,'Elaina','M',37,'Yes',3,'No',3245,'AA','Adult Arrest',626,'INTIMATE PARTNER - SIMPLE ASSA',109,'SEMI-AUTOMATIC PISTOL',1),(200104141,'21:20:00','In-Person','FALSE',261,21135,2125016,'Malia','M',41,'Yes',3,'No',4011,'IC','Invest Cont',624,'BATTERY - SIMPLE ASSAULT',500,'UNKNOWN WEAPON/OTHER WEAPON',1),(200104150,'22:00:00','In-Person','FALSE',425,52081,457915,'Bridgette','M',40,'Yes',4,'No',2036,'IC','Invest Cont',624,'BATTERY - SIMPLE ASSAULT',500,'UNKNOWN WEAPON/OTHER WEAPON',1),(200104187,'18:45:00','Email','FALSE',261,30525,38650,'Tamika','M',36,'Yes',1,'No',1023,'IC','Invest Cont',442,'SHOPLIFTING - PETTY THEFT ($95',400,'STRONG-ARM (HANDS, FIST, FEET ',1),(200104192,'09:30:00','Phone','FALSE',323,109751,1961452,'Sidney','M',31,'Yes',6,'No',1023,'IC','Invest Cont',745,'VANDALISM - MISDEAMEANOR ($399',306,'ROCK/THROWN OBJECT',1),(200104201,'01:30:00','In-Person','FALSE',371,15322,1846190,'Matt','M',35,'Yes',1,'No',1029,'IC','Invest Cont',330,'BURGLARY FROM VEHICLE',302,'BLUNT INSTRUMENT',1),(200104204,'11:15:00','Email','FALSE',425,38258,2219033,'Ericka','M',33,'Yes',3,'No',3223,'IC','Invest Cont',440,'THEFT PLAIN - PETTY ($950 & UN',102,'HAND GUN',1),(200104205,'13:15:00','Phone','FALSE',425,116254,640353,'Kali','M',37,'Yes',3,'No',2036,'IC','Invest Cont',440,'THEFT PLAIN - PETTY ($950 & UN',102,'HAND GUN',1),(200104208,'10:15:00','Phone','FALSE',336,40696,1387114,'Courtney','M',30,'Yes',4,'No',1029,'AO','Adult Other',745,'VANDALISM - MISDEAMEANOR ($399',306,'ROCK/THROWN OBJECT',1),(200104209,'18:30:00','Phone','FALSE',371,16339,119201,'Milo','M',31,'Yes',1,'No',3245,'IC','Invest Cont',624,'BATTERY - SIMPLE ASSAULT',500,'UNKNOWN WEAPON/OTHER WEAPON',1),(200104221,'12:00:00','Phone','FALSE',336,12493,1779438,'Winnie','M',30,'Yes',5,'No',1029,'IC','Invest Cont',910,'KIDNAPPING',308,'STICK',1),(200104222,'15:50:00','In-Person','FALSE',323,44912,759666,'Rodrigo','M',30,'Yes',7,'No',1023,'AA','Adult Arrest',910,'KIDNAPPING',308,'STICK',1),(200104223,'18:39:00','Phone','FALSE',990,46854,171480,'Deana','M',34,'Yes',3,'No',3260,'IC','Invest Cont',910,'KIDNAPPING',308,'STICK',1),(200104224,'18:00:00','In-Person','FALSE',371,118474,1890109,'Lamont','M',37,'Yes',3,'No',3245,'IC','Invest Cont',442,'SHOPLIFTING - PETTY THEFT ($95',400,'STRONG-ARM (HANDS, FIST, FEET ',1),(200104227,'18:00:00','In-Person','FALSE',425,76231,2289934,'Payton','M',39,'Yes',5,'No',2036,'IC','Invest Cont',442,'SHOPLIFTING - PETTY THEFT ($95',400,'STRONG-ARM (HANDS, FIST, FEET ',1),(200104228,'18:50:00','Phone','FALSE',371,64689,964739,'Rolando','M',35,'Yes',4,'No',3245,'IC','Invest Cont',210,'ROBBERY',515,'PHYSICAL PRESENCE',1),(200104230,'21:00:00','Email','FALSE',1001,1016,821349,'Emiliano','M',39,'Yes',7,'No',5555,'IC','Invest Cont',420,'THEFT FROM MOTOR VEHICLE - PET',506,'FIRE',1),(200104231,'22:20:00','In-Person','FALSE',990,76733,164108,'Skyler','M',35,'Yes',3,'No',3260,'IC','Invest Cont',230,'ASSAULT WITH DEADLY WEAPON, AG',216,'SCISSORS',1),(200104233,'16:45:00','Email','FALSE',336,1349,1930890,'Cruz','M',30,'Yes',3,'No',3245,'IC','Invest Cont',341,'THEFT-GRAND ($950.01 & OVER)EX',208,'RAZOR',1),(200104234,'21:00:00','Email','FALSE',322,51642,1612648,'Julissa','M',40,'Yes',3,'No',3258,'IC','Invest Cont',910,'KIDNAPPING',308,'STICK',1),(200104235,'22:00:00','Email','FALSE',371,108234,1537026,'India','M',32,'Yes',3,'No',3245,'IC','Invest Cont',330,'BURGLARY FROM VEHICLE',302,'BLUNT INSTRUMENT',1),(200104236,'16:30:00','In-Person','FALSE',425,27087,354676,'Isiah','M',35,'Yes',7,'No',3261,'IC','Invest Cont',330,'BURGLARY FROM VEHICLE',302,'BLUNT INSTRUMENT',1),(200104237,'05:00:00','In-Person','FALSE',336,48529,2242679,'Anton','M',41,'Yes',3,'No',1029,'IC','Invest Cont',330,'BURGLARY FROM VEHICLE',302,'BLUNT INSTRUMENT',1),(200104238,'18:40:00','Phone','FALSE',336,102996,2174152,'Brantley','M',41,'Yes',3,'No',1029,'IC','Invest Cont',330,'BURGLARY FROM VEHICLE',302,'BLUNT INSTRUMENT',1),(200104240,'11:00:00','Phone','FALSE',371,81850,1478058,'Harlan','M',32,'Yes',4,'No',3245,'IC','Invest Cont',331,'THEFT FROM MOTOR VEHICLE - GRA',312,'PIPE/METAL PIPE',1),(200104244,'00:40:00','Email','FALSE',425,5879,1928662,'James','M',30,'Yes',7,'No',2036,'IC','Invest Cont',624,'BATTERY - SIMPLE ASSAULT',500,'UNKNOWN WEAPON/OTHER WEAPON',1),(200104256,'16:00:00','Email','FALSE',425,15449,122804,'Alanna','M',36,'Yes',5,'No',3261,'IC','Invest Cont',910,'KIDNAPPING',308,'STICK',1),(200104268,'12:30:00','Phone','FALSE',336,114646,684073,'Carmela','M',34,'Yes',3,'No',1029,'IC','Invest Cont',624,'BATTERY - SIMPLE ASSAULT',500,'UNKNOWN WEAPON/OTHER WEAPON',1),(200104269,'05:00:00','Phone','FALSE',336,33977,920146,'Nola','M',30,'Yes',3,'No',3245,'IC','Invest Cont',624,'BATTERY - SIMPLE ASSAULT',500,'UNKNOWN WEAPON/OTHER WEAPON',1),(200104270,'16:30:00','Email','FALSE',371,15599,2357909,'Imani','M',39,'Yes',3,'No',3245,'IC','Invest Cont',330,'BURGLARY FROM VEHICLE',302,'BLUNT INSTRUMENT',1),(200104275,'12:38:00','Email','FALSE',336,29061,62592,'Ashlynn','M',41,'Yes',3,'No',3245,'IC','Invest Cont',910,'KIDNAPPING',308,'STICK',1),(200104276,'21:30:00','Phone','FALSE',425,101499,1588810,'Norah','M',35,'Yes',3,'No',3261,'IC','Invest Cont',440,'THEFT PLAIN - PETTY ($950 & UN',102,'HAND GUN',1),(200104277,'21:30:00','In-Person','FALSE',371,10131,153250,'Keisha','M',40,'Yes',4,'No',1029,'IC','Invest Cont',330,'BURGLARY FROM VEHICLE',302,'BLUNT INSTRUMENT',1),(200104279,'15:58:00','Email','FALSE',323,67014,1370393,'Camilla','M',31,'Yes',3,'No',4011,'IC','Invest Cont',442,'SHOPLIFTING - PETTY THEFT ($95',400,'STRONG-ARM (HANDS, FIST, FEET ',1),(200104281,'13:00:00','Email','FALSE',425,75345,1302727,'Kody','M',34,'Yes',3,'No',3261,'IC','Invest Cont',440,'THEFT PLAIN - PETTY ($950 & UN',102,'HAND GUN',1),(200104283,'17:55:00','In-Person','FALSE',261,119663,1147191,'Dominique','M',35,'Yes',3,'No',1023,'IC','Invest Cont',442,'SHOPLIFTING - PETTY THEFT ($95',400,'STRONG-ARM (HANDS, FIST, FEET ',1),(200104284,'00:15:00','In-Person','FALSE',990,32711,1068507,'Emilee','M',39,'Yes',3,'No',3262,'IC','Invest Cont',888,'TRESPASSING',501,'BOMB THREAT',1),(200104285,'02:00:00','In-Person','FALSE',336,28068,2159324,'Paola','M',36,'Yes',7,'No',3245,'IC','Invest Cont',624,'BATTERY - SIMPLE ASSAULT',500,'UNKNOWN WEAPON/OTHER WEAPON',1),(200104286,'17:00:00','In-Person','FALSE',371,98140,1843650,'Maritza','M',40,'Yes',3,'No',3246,'IC','Invest Cont',330,'BURGLARY FROM VEHICLE',302,'BLUNT INSTRUMENT',1),(200104287,'23:45:00','Phone','FALSE',336,80499,1240041,'Aisha','M',39,'Yes',3,'No',3246,'IC','Invest Cont',624,'BATTERY - SIMPLE ASSAULT',500,'UNKNOWN WEAPON/OTHER WEAPON',1),(200104289,'23:15:00','Phone','FALSE',336,41339,12924,'Darcy','M',32,'Yes',3,'No',3246,'IC','Invest Cont',440,'THEFT PLAIN - PETTY ($950 & UN',102,'HAND GUN',1),(200104291,'19:00:00','Email','FALSE',425,94085,203501,'Chris','M',32,'Yes',3,'No',2036,'IC','Invest Cont',210,'ROBBERY',515,'PHYSICAL PRESENCE',1),(200104292,'12:30:00','Email','FALSE',322,23244,964840,'Jimmie','M',37,'Yes',3,'No',1023,'IC','Invest Cont',440,'THEFT PLAIN - PETTY ($950 & UN',102,'HAND GUN',1),(200104293,'22:00:00','Phone','FALSE',887,1871,2298217,'Brianne','M',36,'Yes',3,'No',4002,'IC','Invest Cont',420,'THEFT FROM MOTOR VEHICLE - PET',506,'FIRE',1),(200104300,'19:15:00','Phone','FALSE',336,69672,440792,'Bettye','M',40,'Yes',3,'No',7010,'IC','Invest Cont',740,'VANDALISM - FELONY ($400 & OVE',200,'KNIFE WITH BLADE 6INCHES OR LE',1),(200104302,'01:00:00','In-Person','FALSE',336,109630,215897,'Jeri','M',33,'Yes',7,'No',2038,'IC','Invest Cont',440,'THEFT PLAIN - PETTY ($950 & UN',102,'HAND GUN',1),(200104303,'16:30:00','In-Person','FALSE',371,33683,910272,'Jan','M',39,'Yes',3,'No',1029,'IC','Invest Cont',510,'VEHICLE - STOLEN',207,'OTHER KNIFE',1),(200104310,'10:10:00','In-Person','FALSE',425,106815,857021,'Amie','M',37,'Yes',3,'No',2036,'IC','Invest Cont',624,'BATTERY - SIMPLE ASSAULT',500,'UNKNOWN WEAPON/OTHER WEAPON',1),(200104313,'14:30:00','Phone','FALSE',261,26880,1980450,'Michael','M',37,'Yes',5,'No',1023,'IC','Invest Cont',341,'THEFT-GRAND ($950.01 & OVER)EX',208,'RAZOR',1),(200104316,'07:47:00','Phone','FALSE',425,54970,123093,'Cyrus','M',41,'Yes',3,'No',3261,'IC','Invest Cont',930,'CRIMINAL THREATS - NO WEAPON D',212,'BOTTLE',1),(200104319,'23:45:00','Phone','FALSE',425,62016,1628346,'Emery','M',37,'Yes',3,'No',2036,'IC','Invest Cont',623,'BATTERY POLICE (SIMPLE)',215,'MACHETE',1),(200104320,'21:45:00','Phone','FALSE',322,69578,833474,'Dale','M',30,'Yes',4,'No',4011,'IC','Invest Cont',330,'BURGLARY FROM VEHICLE',302,'BLUNT INSTRUMENT',1),(200104321,'18:40:00','In-Person','FALSE',336,52558,1243373,'Jami','M',40,'Yes',3,'No',1029,'IC','Invest Cont',330,'BURGLARY FROM VEHICLE',302,'BLUNT INSTRUMENT',1),(200104323,'01:00:00','Phone','FALSE',425,38434,1128911,'Duncan','M',39,'Yes',1,'No',3261,'IC','Invest Cont',420,'THEFT FROM MOTOR VEHICLE - PET',506,'FIRE',1),(200104325,'00:30:00','Phone','FALSE',323,70452,2377212,'Finn','M',35,'Yes',3,'No',1023,'AA','Adult Arrest',626,'INTIMATE PARTNER - SIMPLE ASSA',109,'SEMI-AUTOMATIC PISTOL',1),(200104326,'19:45:00','Phone','FALSE',425,82110,1399867,'Latonya','M',30,'Yes',3,'No',3261,'AA','Adult Arrest',740,'VANDALISM - FELONY ($400 & OVE',200,'KNIFE WITH BLADE 6INCHES OR LE',1),(200104327,'21:30:00','In-Person','FALSE',425,65623,1068668,'Stacy','M',37,'Yes',6,'No',3261,'AA','Adult Arrest',210,'ROBBERY',515,'PHYSICAL PRESENCE',1),(200104328,'21:20:00','Phone','FALSE',336,24936,1482675,'Tonia','M',35,'Yes',7,'No',3246,'IC','Invest Cont',350,'THEFT, PERSON',221,'GLASS',1),(200104329,'17:17:00','Phone','FALSE',425,66172,604141,'Buddy','M',40,'Yes',5,'No',3261,'IC','Invest Cont',421,'THEFT FROM MOTOR VEHICLE - ATT',214,'ICE PICK',1),(200104330,'05:19:00','Phone','FALSE',323,29502,1641429,'Doug','M',34,'Yes',3,'No',1023,'IC','Invest Cont',888,'TRESPASSING',501,'BOMB THREAT',1),(200104331,'23:30:00','In-Person','FALSE',425,1430,1844947,'Monte','M',37,'Yes',3,'No',2036,'IC','Invest Cont',624,'BATTERY - SIMPLE ASSAULT',500,'UNKNOWN WEAPON/OTHER WEAPON',1),(200104333,'01:45:00','Phone','FALSE',425,13012,1155465,'Loyd','M',40,'Yes',3,'No',3261,'IC','Invest Cont',888,'TRESPASSING',501,'BOMB THREAT',1),(200104336,'20:30:00','In-Person','FALSE',371,76168,1545915,'Presley','M',40,'Yes',3,'No',3246,'IC','Invest Cont',647,'THROWING OBJECT AT MOVING VEHI',106,'UNKNOWN FIREARM',1),(200104337,'02:40:00','In-Person','FALSE',425,50989,164572,'Ila','M',34,'Yes',3,'No',3261,'IC','Invest Cont',440,'THEFT PLAIN - PETTY ($950 & UN',102,'HAND GUN',1),(200104339,'20:45:00','In-Person','FALSE',1001,110859,2055556,'Bailey','M',34,'Yes',7,'No',3263,'IC','Invest Cont',745,'VANDALISM - MISDEAMEANOR ($399',306,'ROCK/THROWN OBJECT',1),(200104340,'20:30:00','Phone','FALSE',261,96084,1440655,'Issac','M',40,'Yes',3,'No',1023,'IC','Invest Cont',310,'BURGLARY',113,'SIMULATED GUN',1),(200104351,'01:00:00','In-Person','FALSE',425,95408,1709025,'Burton','M',31,'Yes',3,'No',3261,'IC','Invest Cont',330,'BURGLARY FROM VEHICLE',302,'BLUNT INSTRUMENT',1),(200104352,'20:00:00','Phone','FALSE',425,4862,966010,'Nikolas','M',35,'Yes',4,'No',3261,'IC','Invest Cont',420,'THEFT FROM MOTOR VEHICLE - PET',506,'FIRE',1),(200104360,'07:55:00','Phone','FALSE',336,107541,2055454,'Robbie','M',31,'Yes',2,'No',3246,'AA','Adult Arrest',230,'ASSAULT WITH DEADLY WEAPON, AG',216,'SCISSORS',1),(200104369,'09:30:00','Phone','FALSE',336,36688,426971,'Jefferson','M',37,'Yes',7,'No',7010,'IC','Invest Cont',230,'ASSAULT WITH DEADLY WEAPON, AG',216,'SCISSORS',1),(200104372,'06:00:00','Phone','FALSE',425,16878,1265947,'Rae','M',33,'Yes',3,'No',3261,'IC','Invest Cont',330,'BURGLARY FROM VEHICLE',302,'BLUNT INSTRUMENT',1),(200104377,'20:00:00','In-Person','FALSE',261,95105,400883,'Teagan','M',34,'Yes',3,'No',4011,'IC','Invest Cont',624,'BATTERY - SIMPLE ASSAULT',500,'UNKNOWN WEAPON/OTHER WEAPON',1),(200104379,'13:10:00','In-Person','FALSE',336,10069,568526,'Abbie','M',30,'Yes',2,'No',1029,'IC','Invest Cont',624,'BATTERY - SIMPLE ASSAULT',500,'UNKNOWN WEAPON/OTHER WEAPON',1),(200104381,'13:05:00','Phone','FALSE',425,9223,1234038,'Lorie','M',33,'Yes',2,'No',2036,'IC','Invest Cont',510,'VEHICLE - STOLEN',207,'OTHER KNIFE',1),(200104382,'12:30:00','In-Person','FALSE',261,51958,1459681,'Nia','M',34,'Yes',3,'No',1023,'IC','Invest Cont',910,'KIDNAPPING',308,'STICK',1),(200104385,'14:50:00','Phone','FALSE',1001,41976,967655,'Rene','M',31,'Yes',3,'No',3256,'IC','Invest Cont',330,'BURGLARY FROM VEHICLE',302,'BLUNT INSTRUMENT',1),(200104389,'12:30:00','Phone','FALSE',322,26925,1950647,'John','M',30,'Yes',4,'No',4011,'IC','Invest Cont',330,'BURGLARY FROM VEHICLE',302,'BLUNT INSTRUMENT',1),(200104390,'14:58:00','In-Person','FALSE',425,116648,212450,'Cornelia','M',36,'Yes',6,'No',4112,'IC','Invest Cont',354,'THEFT OF IDENTITY',513,'STUN GUN',1),(200104392,'18:30:00','Phone','FALSE',322,120175,2333158,'Marcy','M',39,'Yes',3,'No',4011,'IC','Invest Cont',480,'BIKE - STOLEN',504,'DEMAND NOTE',1),(200104393,'13:30:00','In-Person','FALSE',425,40829,958481,'Bernadine','M',34,'Yes',4,'No',3261,'IC','Invest Cont',624,'BATTERY - SIMPLE ASSAULT',500,'UNKNOWN WEAPON/OTHER WEAPON',1),(200104405,'17:00:00','Phone','FALSE',425,107320,1500337,'Rodger','M',31,'Yes',3,'No',2036,'IC','Invest Cont',331,'THEFT FROM MOTOR VEHICLE - GRA',312,'PIPE/METAL PIPE',1),(200104406,'13:00:00','Phone','FALSE',261,44290,1189276,'Katy','M',41,'Yes',3,'No',4011,'IC','Invest Cont',330,'BURGLARY FROM VEHICLE',302,'BLUNT INSTRUMENT',1),(200104408,'22:00:00','In-Person','FALSE',223,78763,489162,'Devon','M',31,'Yes',1,'No',2039,'IC','Invest Cont',624,'BATTERY - SIMPLE ASSAULT',500,'UNKNOWN WEAPON/OTHER WEAPON',1),(200104410,'09:20:00','In-Person','FALSE',371,66142,313001,'Zander','M',41,'Yes',6,'No',3246,'IC','Invest Cont',662,'BUNCO, GRAND THEFT',512,'MACE/PEPPER SPRAY',1),(200104411,'23:00:00','In-Person','FALSE',261,98206,572956,'Virgie','M',39,'Yes',7,'No',1023,'IC','Invest Cont',510,'VEHICLE - STOLEN',207,'OTHER KNIFE',1),(200104414,'19:00:00','Phone','FALSE',425,2991,2363716,'Roscoe','M',31,'Yes',1,'No',3261,'IC','Invest Cont',330,'BURGLARY FROM VEHICLE',302,'BLUNT INSTRUMENT',2),(200104416,'19:30:00','In-Person','FALSE',336,12872,1501143,'Ladonna','M',33,'Yes',3,'No',3246,'IC','Invest Cont',930,'CRIMINAL THREATS - NO WEAPON D',212,'BOTTLE',2),(200104417,'21:00:00','Phone','FALSE',336,30137,400817,'Tobias','M',33,'Yes',4,'No',1029,'IC','Invest Cont',236,'INTIMATE PARTNER - AGGRAVATED',205,'KITCHEN KNIFE',2),(200104419,'22:30:00','In-Person','FALSE',336,50422,851610,'Robbie','M',31,'Yes',3,'No',1029,'IC','Invest Cont',440,'THEFT PLAIN - PETTY ($950 & UN',102,'HAND GUN',2),(200104420,'01:00:00','In-Person','FALSE',336,32919,837972,'Rosalyn','M',37,'Yes',3,'No',3246,'IC','Invest Cont',910,'KIDNAPPING',308,'STICK',2),(200104422,'18:00:00','Phone','FALSE',323,104653,93024,'Mauricio','M',30,'Yes',3,'No',1023,'IC','Invest Cont',330,'BURGLARY FROM VEHICLE',302,'BLUNT INSTRUMENT',2),(200104429,'19:00:00','In-Person','FALSE',371,119543,1516724,'Jayden','M',40,'Yes',3,'No',3246,'IC','Invest Cont',888,'TRESPASSING',501,'BOMB THREAT',2),(200104430,'09:55:00','Phone','TRUE',425,106497,928895,'Ayla','M',41,'Yes',1,'No',3261,'IC','Invest Cont',910,'KIDNAPPING',308,'STICK',2),(200104431,'19:00:00','Phone','FALSE',322,53400,991421,'Harriett','M',34,'Yes',1,'No',1023,'IC','Invest Cont',330,'BURGLARY FROM VEHICLE',302,'BLUNT INSTRUMENT',2),(200104432,'14:00:00','Phone','TRUE',425,119981,2276344,'Christi','M',40,'Yes',3,'No',2036,'IC','Invest Cont',440,'THEFT PLAIN - PETTY ($950 & UN',102,'HAND GUN',2),(200104435,'19:00:00','Phone','TRUE',336,48758,230873,'Lacy','M',34,'Yes',3,'No',1029,'IC','Invest Cont',330,'BURGLARY FROM VEHICLE',302,'BLUNT INSTRUMENT',2),(200104440,'01:21:00','Phone','TRUE',323,97065,1074540,'Judah','M',40,'Yes',2,'No',4011,'IC','Invest Cont',330,'BURGLARY FROM VEHICLE',302,'BLUNT INSTRUMENT',2),(200104443,'20:30:00','In-Person','FALSE',425,40859,1948142,'Kiera','M',41,'Yes',1,'No',2036,'IC','Invest Cont',330,'BURGLARY FROM VEHICLE',302,'BLUNT INSTRUMENT',2),(200104444,'01:00:00','Phone','TRUE',336,110686,287402,'Malinda','M',39,'Yes',5,'No',3246,'IC','Invest Cont',330,'BURGLARY FROM VEHICLE',302,'BLUNT INSTRUMENT',2),(200104449,'07:35:00','Phone','FALSE',336,99999,65378,'Maddison','M',37,'Yes',4,'No',3246,'IC','Invest Cont',624,'BATTERY - SIMPLE ASSAULT',500,'UNKNOWN WEAPON/OTHER WEAPON',2),(200104450,'09:05:00','In-Person','FALSE',425,28881,559590,'Corrine','M',41,'Yes',7,'No',2036,'IC','Invest Cont',740,'VANDALISM - FELONY ($400 & OVE',200,'KNIFE WITH BLADE 6INCHES OR LE',2),(200104451,'07:45:00','In-Person','FALSE',322,13668,58389,'Madalyn','M',35,'Yes',7,'No',4011,'IC','Invest Cont',910,'KIDNAPPING',308,'STICK',2),(200104452,'09:20:00','Phone','FALSE',322,16692,1499509,'Emerson','M',37,'Yes',3,'No',1023,'IC','Invest Cont',624,'BATTERY - SIMPLE ASSAULT',500,'UNKNOWN WEAPON/OTHER WEAPON',2),(200104455,'04:00:00','In-Person','FALSE',990,63684,1178451,'Mara','M',37,'Yes',3,'No',2037,'IC','Invest Cont',330,'BURGLARY FROM VEHICLE',302,'BLUNT INSTRUMENT',2),(200104456,'13:00:00','Phone','TRUE',261,48021,916931,'Elnora','M',34,'Yes',3,'No',1023,'IC','Invest Cont',341,'THEFT-GRAND ($950.01 & OVER)EX',208,'RAZOR',2),(200104459,'19:40:00','Phone','TRUE',322,11679,2208196,'Dorian','M',35,'Yes',4,'No',3247,'IC','Invest Cont',330,'BURGLARY FROM VEHICLE',302,'BLUNT INSTRUMENT',2),(200104462,'17:58:00','Phone','FALSE',425,14936,66036,'Susana','M',36,'Yes',5,'No',3261,'IC','Invest Cont',480,'BIKE - STOLEN',504,'DEMAND NOTE',2),(200104466,'10:20:00','In-Person','FALSE',1001,122147,562937,'Kaylie','M',33,'Yes',3,'No',5555,'IC','Invest Cont',860,'BATTERY WITH SEXUAL CONTACT',201,'KNIFE WITH BLADE OVER 6 INCHES',2),(200104470,'19:30:00','Phone','FALSE',323,108450,259719,'Erwin','M',40,'Yes',3,'No',4011,'IC','Invest Cont',440,'THEFT PLAIN - PETTY ($950 & UN',102,'HAND GUN',2),(200104473,'12:00:00','In-Person','TRUE',336,44924,1336960,'Brendon','M',37,'Yes',3,'No',1029,'IC','Invest Cont',331,'THEFT FROM MOTOR VEHICLE - GRA',312,'PIPE/METAL PIPE',2),(200104474,'18:30:00','In-Person','FALSE',425,121683,1720878,'Rhett','M',39,'Yes',4,'No',3261,'IC','Invest Cont',888,'TRESPASSING',501,'BOMB THREAT',2),(200104475,'09:00:00','Phone','FALSE',336,20696,453846,'Skye','M',39,'Yes',3,'No',3246,'IC','Invest Cont',740,'VANDALISM - FELONY ($400 & OVE',200,'KNIFE WITH BLADE 6INCHES OR LE',2),(200104476,'21:30:00','In-Person','TRUE',990,37965,954695,'Tabatha','M',31,'Yes',1,'No',2037,'IC','Invest Cont',330,'BURGLARY FROM VEHICLE',302,'BLUNT INSTRUMENT',2),(200104477,'15:00:00','Phone','TRUE',336,7139,1018230,'Tanisha','M',32,'Yes',3,'No',1029,'IC','Invest Cont',930,'CRIMINAL THREATS - NO WEAPON D',212,'BOTTLE',2),(200104488,'04:30:00','Phone','FALSE',261,122577,1678132,'Elton','M',41,'Yes',3,'No',4011,'IC','Invest Cont',442,'SHOPLIFTING - PETTY THEFT ($95',400,'STRONG-ARM (HANDS, FIST, FEET ',2),(200104489,'08:00:00','Phone','FALSE',425,85302,1248152,'Johnie','M',36,'Yes',7,'No',3261,'IC','Invest Cont',624,'BATTERY - SIMPLE ASSAULT',500,'UNKNOWN WEAPON/OTHER WEAPON',2),(200104498,'21:40:00','Phone','FALSE',371,79354,1635567,'Ruthie','M',33,'Yes',1,'No',1029,'IC','Invest Cont',220,'ATTEMPTED ROBBERY',219,'SCREWDRIVER',2),(200104499,'19:00:00','In-Person','TRUE',322,13068,171366,'Silvia','M',36,'Yes',2,'No',4011,'IC','Invest Cont',330,'BURGLARY FROM VEHICLE',302,'BLUNT INSTRUMENT',2),(200104500,'20:00:00','Phone','TRUE',990,33174,356616,'Elyse','M',39,'Yes',3,'No',2037,'IC','Invest Cont',625,'OTHER ASSAULT',104,'SHOTGUN',2),(200104501,'03:15:00','Phone','TRUE',261,33825,777661,'Neva','M',41,'Yes',7,'No',1023,'AA','Adult Arrest',350,'THEFT, PERSON',221,'GLASS',2),(200104503,'01:17:00','Phone','FALSE',371,12545,2168178,'Nathanael','M',30,'Yes',3,'No',4004,'IC','Invest Cont',755,'BOMB SCARE',301,'BELT FLAILING INSTRUMENT/CHAIN',2),(200104505,'19:17:00','In-Person','FALSE',425,13700,621357,'Noreen','M',36,'Yes',4,'No',3261,'IC','Invest Cont',442,'SHOPLIFTING - PETTY THEFT ($95',400,'STRONG-ARM (HANDS, FIST, FEET ',2),(200104507,'03:00:00','Phone','FALSE',1001,109499,2178817,'Kamryn','M',31,'Yes',7,'No',5100,'IC','Invest Cont',331,'THEFT FROM MOTOR VEHICLE - GRA',312,'PIPE/METAL PIPE',2),(200104511,'04:00:00','In-Person','FALSE',1001,103780,1007841,'Sammie','M',33,'Yes',4,'No',5555,'AA','Adult Arrest',236,'INTIMATE PARTNER - AGGRAVATED',205,'KITCHEN KNIFE',2),(200104513,'20:00:00','In-Person','TRUE',990,17841,2064919,'Marlin','M',31,'Yes',6,'No',3262,'IC','Invest Cont',510,'VEHICLE - STOLEN',207,'OTHER KNIFE',2),(200104522,'20:20:00','Phone','TRUE',990,15403,1309603,'Mavis','M',30,'Yes',3,'No',3262,'IC','Invest Cont',910,'KIDNAPPING',308,'STICK',2),(200104524,'01:00:00','Phone','TRUE',990,37612,1868653,'Keaton','M',32,'Yes',3,'No',2037,'IC','Invest Cont',624,'BATTERY - SIMPLE ASSAULT',500,'UNKNOWN WEAPON/OTHER WEAPON',2),(200104526,'15:00:00','Phone','TRUE',261,87012,839668,'Titus','M',32,'Yes',3,'No',1023,'IC','Invest Cont',624,'BATTERY - SIMPLE ASSAULT',500,'UNKNOWN WEAPON/OTHER WEAPON',2),(200104527,'10:00:00','Phone','TRUE',990,31401,974208,'Karissa','M',33,'Yes',4,'No',2037,'IC','Invest Cont',440,'THEFT PLAIN - PETTY ($950 & UN',102,'HAND GUN',2),(200104534,'09:50:00','In-Person','TRUE',261,53688,168991,'Cadence','M',32,'Yes',3,'No',1023,'IC','Invest Cont',624,'BATTERY - SIMPLE ASSAULT',500,'UNKNOWN WEAPON/OTHER WEAPON',2),(200104545,'05:10:00','Phone','FALSE',323,57014,319817,'Christian','M',30,'Yes',2,'No',1023,'IC','Invest Cont',341,'THEFT-GRAND ($950.01 & OVER)EX',208,'RAZOR',2),(200104547,'17:53:00','Phone','FALSE',336,80047,1014118,'Lauryn','M',30,'Yes',1,'No',3246,'IC','Invest Cont',341,'THEFT-GRAND ($950.01 & OVER)EX',208,'RAZOR',2),(200104548,'17:30:00','Phone','TRUE',223,111228,1033265,'Elinor','M',35,'Yes',6,'No',4111,'IC','Invest Cont',440,'THEFT PLAIN - PETTY ($950 & UN',102,'HAND GUN',2),(200104549,'01:00:00','Phone','FALSE',223,16115,328632,'Noemi','M',40,'Yes',6,'No',4111,'IC','Invest Cont',440,'THEFT PLAIN - PETTY ($950 & UN',102,'HAND GUN',2),(200104550,'08:45:00','In-Person','TRUE',322,29215,1896162,'Raphael','M',30,'Yes',3,'No',1023,'IC','Invest Cont',740,'VANDALISM - FELONY ($400 & OVE',200,'KNIFE WITH BLADE 6INCHES OR LE',2),(200104551,'13:00:00','In-Person','FALSE',371,118391,1644249,'Vaughn','M',39,'Yes',1,'No',1029,'IC','Invest Cont',761,'BRANDISH WEAPON',307,'VEHICLE',2),(200104556,'02:00:00','Phone','FALSE',223,22720,872957,'Leonel','M',35,'Yes',2,'No',4111,'IC','Invest Cont',440,'THEFT PLAIN - PETTY ($950 & UN',102,'HAND GUN',2),(200104558,'08:20:00','Phone','FALSE',990,13967,1102479,'Kurtis','M',32,'Yes',1,'No',2037,'IC','Invest Cont',626,'INTIMATE PARTNER - SIMPLE ASSA',109,'SEMI-AUTOMATIC PISTOL',2),(200104573,'05:40:00','Phone','FALSE',990,57998,1467585,'Nova','M',36,'Yes',3,'No',3262,'IC','Invest Cont',330,'BURGLARY FROM VEHICLE',302,'BLUNT INSTRUMENT',2),(200104576,'16:00:00','In-Person','FALSE',990,123247,2380769,'Jase','M',36,'Yes',1,'No',2037,'IC','Invest Cont',440,'THEFT PLAIN - PETTY ($950 & UN',102,'HAND GUN',2),(200104577,'19:00:00','In-Person','FALSE',323,100775,1048605,'Yasmin','M',33,'Yes',3,'No',4011,'IC','Invest Cont',510,'VEHICLE - STOLEN',207,'OTHER KNIFE',2),(200104578,'23:50:00','In-Person','TRUE',336,69879,265258,'Tatum','M',40,'Yes',2,'No',3246,'IC','Invest Cont',888,'TRESPASSING',501,'BOMB THREAT',2),(200104579,'19:20:00','Phone','FALSE',223,59278,653448,'Kristian','M',36,'Yes',3,'No',4111,'IC','Invest Cont',310,'BURGLARY',113,'SIMULATED GUN',2),(200104580,'16:30:00','In-Person','TRUE',990,97853,534312,'Barrett','M',30,'Yes',3,'No',2037,'IC','Invest Cont',480,'BIKE - STOLEN',504,'DEMAND NOTE',2),(200104582,'08:00:00','Phone','FALSE',336,11101,757706,'Elwood','M',36,'Yes',3,'No',1029,'IC','Invest Cont',910,'KIDNAPPING',308,'STICK',2),(200104584,'01:00:00','In-Person','TRUE',371,102948,1784735,'Elvin','M',34,'Yes',6,'No',3246,'IC','Invest Cont',662,'BUNCO, GRAND THEFT',512,'MACE/PEPPER SPRAY',2),(200104586,'16:10:00','Phone','FALSE',223,38829,1130234,'Norbert','M',35,'Yes',3,'No',4111,'IC','Invest Cont',440,'THEFT PLAIN - PETTY ($950 & UN',102,'HAND GUN',2),(200104588,'01:00:00','Phone','FALSE',261,11905,2278426,'Dorthy','M',39,'Yes',3,'No',1023,'IC','Invest Cont',440,'THEFT PLAIN - PETTY ($950 & UN',102,'HAND GUN',2),(200104590,'17:50:00','Phone','TRUE',990,34598,715923,'Gale','M',30,'Yes',4,'No',3262,'IC','Invest Cont',442,'SHOPLIFTING - PETTY THEFT ($95',400,'STRONG-ARM (HANDS, FIST, FEET ',2),(200104594,'21:45:00','Phone','TRUE',336,43461,880915,'Lia','M',36,'Yes',3,'No',1029,'IC','Invest Cont',624,'BATTERY - SIMPLE ASSAULT',500,'UNKNOWN WEAPON/OTHER WEAPON',2),(200104598,'22:00:00','Phone','TRUE',990,21174,564128,'Reynaldo','M',34,'Yes',3,'No',3262,'IC','Invest Cont',745,'VANDALISM - MISDEAMEANOR ($399',306,'ROCK/THROWN OBJECT',2),(200104603,'07:00:00','Phone','TRUE',223,12605,969204,'Nelda','M',40,'Yes',2,'No',4111,'AA','Adult Arrest',480,'BIKE - STOLEN',504,'DEMAND NOTE',2),(200104606,'00:30:00','In-Person','FALSE',371,22627,1313871,'Phil','M',37,'Yes',3,'No',3246,'IC','Invest Cont',910,'KIDNAPPING',308,'STICK',2),(200104609,'15:55:00','Phone','TRUE',990,55270,224019,'Ashton','M',41,'Yes',3,'No',3259,'IC','Invest Cont',220,'ATTEMPTED ROBBERY',219,'SCREWDRIVER',2),(200104610,'17:30:00','In-Person','FALSE',223,16406,2246656,'Tristen','M',37,'Yes',1,'No',4111,'IC','Invest Cont',510,'VEHICLE - STOLEN',207,'OTHER KNIFE',2),(200104613,'08:00:00','In-Person','TRUE',371,69255,1893402,'Dolly','M',36,'Yes',3,'No',2035,'IC','Invest Cont',330,'BURGLARY FROM VEHICLE',302,'BLUNT INSTRUMENT',2),(200104616,'19:30:00','Phone','TRUE',990,77255,1136804,'Romeo','M',33,'Yes',3,'No',3262,'IC','Invest Cont',330,'BURGLARY FROM VEHICLE',302,'BLUNT INSTRUMENT',2),(200104617,'14:15:00','Phone','TRUE',990,122137,334572,'Louisa','M',37,'Yes',3,'No',3262,'IC','Invest Cont',330,'BURGLARY FROM VEHICLE',302,'BLUNT INSTRUMENT',2),(200104619,'13:00:00','In-Person','FALSE',261,97852,899217,'Aden','M',33,'Yes',3,'No',1023,'IC','Invest Cont',341,'THEFT-GRAND ($950.01 & OVER)EX',208,'RAZOR',2),(200104657,'10:15:00','In-Person','FALSE',223,63240,1514806,'Terrie','M',35,'Yes',6,'No',4111,'IC','Invest Cont',624,'BATTERY - SIMPLE ASSAULT',500,'UNKNOWN WEAPON/OTHER WEAPON',2),(200104658,'09:30:00','In-Person','FALSE',223,66334,1288202,'Latisha','M',36,'Yes',6,'No',4444,'IC','Invest Cont',946,'OTHER MISCELLANEOUS CRIME',204,'FOLDING KNIFE',2),(200104660,'23:30:00','Phone','TRUE',990,108970,2292692,'Catalina','M',36,'Yes',1,'No',3262,'IC','Invest Cont',740,'VANDALISM - FELONY ($400 & OVE',200,'KNIFE WITH BLADE 6INCHES OR LE',2),(200104663,'15:39:00','Phone','TRUE',223,121724,1745120,'Perla','M',35,'Yes',6,'No',4111,'IC','Invest Cont',442,'SHOPLIFTING - PETTY THEFT ($95',400,'STRONG-ARM (HANDS, FIST, FEET ',2),(200104664,'19:00:00','Phone','FALSE',336,114274,1428551,'Derick','M',35,'Yes',6,'No',3246,'AA','Adult Arrest',236,'INTIMATE PARTNER - AGGRAVATED',205,'KITCHEN KNIFE',2),(200104670,'21:00:00','Phone','FALSE',990,82377,1535000,'Mikaela','M',31,'Yes',6,'No',3262,'IC','Invest Cont',330,'BURGLARY FROM VEHICLE',302,'BLUNT INSTRUMENT',2),(200104673,'10:00:00','Phone','FALSE',336,91864,1197181,'Adalyn','M',32,'Yes',5,'No',1029,'IC','Invest Cont',341,'THEFT-GRAND ($950.01 & OVER)EX',208,'RAZOR',2),(200104674,'21:30:00','In-Person','FALSE',990,112246,1565976,'Maura','M',31,'Yes',6,'No',3262,'AA','Adult Arrest',236,'INTIMATE PARTNER - AGGRAVATED',205,'KITCHEN KNIFE',2),(200104682,'16:50:00','Phone','TRUE',371,534,2185143,'Precious','M',37,'Yes',6,'No',3246,'IC','Invest Cont',440,'THEFT PLAIN - PETTY ($950 & UN',102,'HAND GUN',2),(200104683,'14:45:00','Phone','TRUE',336,9069,1814348,'Alessandra','M',33,'Yes',4,'No',1029,'IC','Invest Cont',440,'THEFT PLAIN - PETTY ($950 & UN',102,'HAND GUN',2),(200104690,'14:00:00','Phone','FALSE',322,82003,2269985,'Nathalie','M',41,'Yes',6,'No',1023,'IC','Invest Cont',331,'THEFT FROM MOTOR VEHICLE - GRA',312,'PIPE/METAL PIPE',2),(200104691,'19:00:00','Phone','FALSE',371,28974,711242,'Carmella','M',31,'Yes',6,'No',3246,'IC','Invest Cont',350,'THEFT, PERSON',221,'GLASS',2),(200104696,'08:55:00','Phone','TRUE',990,103350,126106,'Susanna','M',41,'Yes',4,'No',3262,'IC','Invest Cont',624,'BATTERY - SIMPLE ASSAULT',500,'UNKNOWN WEAPON/OTHER WEAPON',2),(200104697,'18:30:00','Phone','FALSE',371,3913,676626,'Melisa','M',39,'Yes',1,'No',1029,'IC','Invest Cont',330,'BURGLARY FROM VEHICLE',302,'BLUNT INSTRUMENT',2),(200104700,'18:45:00','Phone','FALSE',223,27809,683947,'Baylee','M',31,'Yes',6,'No',4111,'IC','Invest Cont',330,'BURGLARY FROM VEHICLE',302,'BLUNT INSTRUMENT',2),(200104702,'04:35:00','Phone','FALSE',261,66103,293387,'Vicente','M',31,'Yes',6,'No',1023,'IC','Invest Cont',745,'VANDALISM - MISDEAMEANOR ($399',306,'ROCK/THROWN OBJECT',2),(200104703,'14:00:00','In-Person','TRUE',223,83414,1170582,'Aron','M',37,'Yes',1,'No',4111,'IC','Invest Cont',330,'BURGLARY FROM VEHICLE',302,'BLUNT INSTRUMENT',2),(200104704,'21:00:00','Phone','TRUE',223,39187,1845741,'Sybil','M',31,'Yes',6,'No',4111,'IC','Invest Cont',330,'BURGLARY FROM VEHICLE',302,'BLUNT INSTRUMENT',2),(200104706,'14:40:00','Phone','TRUE',990,8086,739039,'Paxton','M',40,'Yes',6,'No',2037,'IC','Invest Cont',624,'BATTERY - SIMPLE ASSAULT',500,'UNKNOWN WEAPON/OTHER WEAPON',2),(200104708,'14:30:00','In-Person','TRUE',371,13258,1250061,'Cash','M',40,'Yes',4,'No',3246,'IC','Invest Cont',624,'BATTERY - SIMPLE ASSAULT',500,'UNKNOWN WEAPON/OTHER WEAPON',2),(200104711,'22:00:00','In-Person','FALSE',990,56276,2121496,'Jayda','M',35,'Yes',6,'No',2037,'IC','Invest Cont',815,'SEXUAL PENETRATION W/FOREIGN O',110,'SEMI-AUTOMATIC RIFLE',2),(200104713,'11:00:00','Phone','FALSE',223,51140,1036343,'Danna','M',41,'Yes',2,'No',4111,'IC','Invest Cont',900,'VIOLATION OF COURT ORDER',223,'UNKNOWN TYPE CUTTING INSTRUMEN',2),(200104715,'10:45:00','Phone','TRUE',336,117296,1842409,'Kelsie','M',32,'Yes',6,'No',7010,'IC','Invest Cont',510,'VEHICLE - STOLEN',207,'OTHER KNIFE',2),(200104717,'11:30:00','In-Person','TRUE',425,4723,2319430,'Kassidy','M',40,'Yes',1,'No',4005,'IC','Invest Cont',330,'BURGLARY FROM VEHICLE',302,'BLUNT INSTRUMENT',2),(200104718,'13:15:00','Phone','TRUE',371,32093,1868152,'Esperanza','M',30,'Yes',5,'No',1029,'IC','Invest Cont',624,'BATTERY - SIMPLE ASSAULT',500,'UNKNOWN WEAPON/OTHER WEAPON',2),(200104719,'12:00:00','In-Person','FALSE',990,9522,468012,'Sage','M',39,'Yes',6,'No',2037,'IC','Invest Cont',341,'THEFT-GRAND ($950.01 & OVER)EX',208,'RAZOR',2),(200104721,'07:00:00','Phone','TRUE',990,61619,50273,'Emely','M',30,'Yes',6,'No',3260,'IC','Invest Cont',510,'VEHICLE - STOLEN',207,'OTHER KNIFE',2),(200104726,'13:30:00','Phone','FALSE',371,43994,1049743,'Hollie','M',32,'Yes',3,'No',1029,'AA','Adult Arrest',310,'BURGLARY',113,'SIMULATED GUN',2),(200104727,'10:30:00','Phone','TRUE',223,46590,10192,'Dollie','M',37,'Yes',5,'No',4111,'IC','Invest Cont',624,'BATTERY - SIMPLE ASSAULT',500,'UNKNOWN WEAPON/OTHER WEAPON',2),(200104734,'21:00:00','In-Person','TRUE',223,57688,1348646,'Macie','M',41,'Yes',6,'No',4111,'IC','Invest Cont',510,'VEHICLE - STOLEN',207,'OTHER KNIFE',2),(200104735,'21:00:00','Phone','TRUE',990,68656,1195738,'Georgina','M',41,'Yes',6,'No',1024,'AA','Adult Arrest',220,'ATTEMPTED ROBBERY',219,'SCREWDRIVER',2),(200104736,'00:10:00','In-Person','TRUE',990,117200,1480787,'Brenton','M',39,'Yes',6,'No',2037,'IC','Invest Cont',626,'INTIMATE PARTNER - SIMPLE ASSA',109,'SEMI-AUTOMATIC PISTOL',2),(200104737,'00:40:00','In-Person','TRUE',336,21281,939147,'Scotty','M',40,'Yes',6,'No',1029,'IC','Invest Cont',230,'ASSAULT WITH DEADLY WEAPON, AG',216,'SCISSORS',2),(200104738,'00:40:00','In-Person','FALSE',261,18580,283655,'Gus','M',34,'Yes',6,'No',3247,'IC','Invest Cont',230,'ASSAULT WITH DEADLY WEAPON, AG',216,'SCISSORS',2),(200104739,'23:35:00','In-Person','TRUE',322,17526,1722947,'Bryanna','M',33,'Yes',6,'No',2034,'IC','Invest Cont',624,'BATTERY - SIMPLE ASSAULT',500,'UNKNOWN WEAPON/OTHER WEAPON',2),(200104740,'21:00:00','In-Person','TRUE',990,13508,1933911,'Dona','M',35,'Yes',2,'No',1024,'IC','Invest Cont',230,'ASSAULT WITH DEADLY WEAPON, AG',216,'SCISSORS',2),(200104741,'10:00:00','In-Person','TRUE',990,76341,366004,'Zayden','M',35,'Yes',5,'No',3262,'IC','Invest Cont',330,'BURGLARY FROM VEHICLE',302,'BLUNT INSTRUMENT',2),(200104742,'22:58:00','Phone','TRUE',990,114870,196603,'Marcel','M',33,'Yes',2,'No',1024,'IC','Invest Cont',740,'VANDALISM - FELONY ($400 & OVE',200,'KNIFE WITH BLADE 6INCHES OR LE',2),(200104743,'14:00:00','Phone','TRUE',990,9976,1232013,'Annika','M',39,'Yes',1,'No',2037,'IC','Invest Cont',341,'THEFT-GRAND ($950.01 & OVER)EX',208,'RAZOR',2),(200104744,'02:20:00','Phone','FALSE',261,17304,1173250,'Nyla','M',39,'Yes',3,'No',3247,'IC','Invest Cont',320,'BURGLARY, ATTEMPTED',114,'AIR PISTOL/REVOLVER/RIFLE/BB G',2),(200104745,'23:45:00','In-Person','TRUE',323,86544,1451827,'Annmarie','M',41,'Yes',6,'No',3247,'AA','Adult Arrest',740,'VANDALISM - FELONY ($400 & OVE',200,'KNIFE WITH BLADE 6INCHES OR LE',2),(200104749,'20:00:00','In-Person','TRUE',322,59035,1042463,'Kiley','M',40,'Yes',6,'No',3247,'IC','Invest Cont',440,'THEFT PLAIN - PETTY ($950 & UN',102,'HAND GUN',2),(200104750,'07:20:00','Phone','FALSE',336,61487,884298,'Pierre','M',33,'Yes',6,'No',3246,'IC','Invest Cont',740,'VANDALISM - FELONY ($400 & OVE',200,'KNIFE WITH BLADE 6INCHES OR LE',2),(200104752,'10:45:00','Phone','FALSE',261,29421,1399487,'Dion','M',33,'Yes',6,'No',3247,'IC','Invest Cont',440,'THEFT PLAIN - PETTY ($950 & UN',102,'HAND GUN',2),(200104754,'10:15:00','Phone','FALSE',990,2750,1127580,'Adalynn','M',35,'Yes',6,'No',3262,'IC','Invest Cont',624,'BATTERY - SIMPLE ASSAULT',500,'UNKNOWN WEAPON/OTHER WEAPON',2),(200104755,'09:54:00','Phone','FALSE',261,12089,1541076,'Valarie','M',36,'Yes',6,'No',3247,'IC','Invest Cont',624,'BATTERY - SIMPLE ASSAULT',500,'UNKNOWN WEAPON/OTHER WEAPON',2),(200104759,'12:00:00','Phone','FALSE',223,3124,826751,'Claudette','M',32,'Yes',6,'No',4111,'IC','Invest Cont',910,'KIDNAPPING',308,'STICK',2),(200104761,'19:00:00','Phone','TRUE',261,4823,101162,'Ashley','M',36,'Yes',6,'No',3247,'IC','Invest Cont',330,'BURGLARY FROM VEHICLE',302,'BLUNT INSTRUMENT',2),(200104762,'02:00:00','Phone','TRUE',371,82589,1513830,'Ariel','M',41,'Yes',6,'No',1029,'IC','Invest Cont',330,'BURGLARY FROM VEHICLE',302,'BLUNT INSTRUMENT',2),(200104763,'04:00:00','Phone','TRUE',990,118490,33282,'Katlyn','M',30,'Yes',6,'No',3262,'IC','Invest Cont',510,'VEHICLE - STOLEN',207,'OTHER KNIFE',2),(200104765,'09:00:00','In-Person','TRUE',990,84744,1023322,'Adolph','M',30,'Yes',6,'No',2037,'IC','Invest Cont',330,'BURGLARY FROM VEHICLE',302,'BLUNT INSTRUMENT',2),(200104766,'04:00:00','In-Person','FALSE',322,117190,195645,'River','M',39,'Yes',3,'No',3248,'IC','Invest Cont',740,'VANDALISM - FELONY ($400 & OVE',200,'KNIFE WITH BLADE 6INCHES OR LE',2),(200104768,'12:30:00','In-Person','FALSE',990,24770,664532,'Caiden','M',33,'Yes',2,'No',1028,'IC','Invest Cont',662,'BUNCO, GRAND THEFT',512,'MACE/PEPPER SPRAY',2),(200104769,'15:35:00','Phone','FALSE',223,10956,2318334,'Abbey','M',39,'Yes',6,'No',4111,'IC','Invest Cont',440,'THEFT PLAIN - PETTY ($950 & UN',102,'HAND GUN',2),(200104770,'14:50:00','In-Person','FALSE',893,62507,923652,'Beverley','M',30,'Yes',6,'No',4003,'IC','Invest Cont',350,'THEFT, PERSON',221,'GLASS',2),(200104772,'05:00:00','Phone','TRUE',223,8289,759842,'Araceli','M',32,'Yes',6,'No',4111,'IC','Invest Cont',624,'BATTERY - SIMPLE ASSAULT',500,'UNKNOWN WEAPON/OTHER WEAPON',2),(200104774,'11:10:00','Phone','FALSE',323,68853,1491598,'Ophelia','M',32,'Yes',4,'No',3248,'IC','Invest Cont',624,'BATTERY - SIMPLE ASSAULT',500,'UNKNOWN WEAPON/OTHER WEAPON',2),(200104775,'13:45:00','In-Person','TRUE',990,120441,180266,'Lupe','M',30,'Yes',6,'No',1024,'IC','Invest Cont',440,'THEFT PLAIN - PETTY ($950 & UN',102,'HAND GUN',2),(200104800,'02:15:00','In-Person','TRUE',223,86037,472368,'Keenan','M',31,'No',0,'No',4111,'IC','Invest Cont',761,'BRANDISH WEAPON',307,'VEHICLE',2),(200104806,'10:10:00','Phone','TRUE',371,111129,601484,'Raegan','M',30,'Yes',5,'No',1029,'IC','Invest Cont',888,'TRESPASSING',501,'BOMB THREAT',2),(200104808,'07:05:00','Phone','TRUE',336,20603,1689603,'Gillian','M',39,'Yes',1,'No',1029,'IC','Invest Cont',442,'SHOPLIFTING - PETTY THEFT ($95',400,'STRONG-ARM (HANDS, FIST, FEET ',2),(200104810,'20:35:00','Phone','FALSE',990,117765,428482,'Bobbie','M',40,'No',0,'No',2037,'IC','Invest Cont',624,'BATTERY - SIMPLE ASSAULT',500,'UNKNOWN WEAPON/OTHER WEAPON',2),(200104813,'19:00:00','Phone','TRUE',990,39562,167364,'Rylie','M',32,'Yes',7,'No',2037,'IC','Invest Cont',624,'BATTERY - SIMPLE ASSAULT',500,'UNKNOWN WEAPON/OTHER WEAPON',2),(200104814,'17:50:00','Phone','FALSE',990,114625,172433,'Matteo','M',30,'Yes',6,'No',2037,'IC','Invest Cont',624,'BATTERY - SIMPLE ASSAULT',500,'UNKNOWN WEAPON/OTHER WEAPON',2),(200104815,'23:00:00','Phone','FALSE',223,62347,1056919,'Martina','M',33,'Yes',3,'No',4111,'IC','Invest Cont',624,'BATTERY - SIMPLE ASSAULT',500,'UNKNOWN WEAPON/OTHER WEAPON',2),(200104817,'22:00:00','In-Person','FALSE',261,60182,1380347,'Cortney','M',33,'Yes',1,'No',3248,'IC','Invest Cont',624,'BATTERY - SIMPLE ASSAULT',500,'UNKNOWN WEAPON/OTHER WEAPON',2),(200104818,'01:30:00','In-Person','TRUE',990,48575,2012281,'Kyleigh','M',35,'Yes',1,'No',1024,'IC','Invest Cont',624,'BATTERY - SIMPLE ASSAULT',500,'UNKNOWN WEAPON/OTHER WEAPON',2),(200104819,'19:30:00','In-Person','FALSE',990,55695,1945915,'Nayeli','M',34,'Yes',3,'No',2037,'IC','Invest Cont',330,'BURGLARY FROM VEHICLE',302,'BLUNT INSTRUMENT',2),(200104820,'23:10:00','Phone','TRUE',223,33632,357591,'Emery','M',41,'Yes',4,'No',4111,'IC','Invest Cont',330,'BURGLARY FROM VEHICLE',302,'BLUNT INSTRUMENT',2),(200104821,'01:00:00','In-Person','FALSE',990,82389,1462443,'Zackery','M',31,'No',0,'No',2037,'IC','Invest Cont',341,'THEFT-GRAND ($950.01 & OVER)EX',208,'RAZOR',2),(200104822,'03:40:00','Phone','TRUE',990,104990,129322,'Kaylin','M',37,'No',0,'No',2037,'IC','Invest Cont',480,'BIKE - STOLEN',504,'DEMAND NOTE',2),(200104823,'19:45:00','In-Person','TRUE',990,49696,1043052,'Arabella','M',36,'No',0,'No',2037,'IC','Invest Cont',350,'THEFT, PERSON',221,'GLASS',2),(200104826,'14:30:00','Phone','TRUE',336,94392,2189395,'Chandra','M',41,'No',0,'No',1027,'IC','Invest Cont',341,'THEFT-GRAND ($950.01 & OVER)EX',208,'RAZOR',2),(200104827,'05:00:00','In-Person','TRUE',261,27407,2183801,'Kimberlee','M',39,'Yes',1,'No',3248,'IC','Invest Cont',626,'INTIMATE PARTNER - SIMPLE ASSA',109,'SEMI-AUTOMATIC PISTOL',2),(200104829,'05:00:00','In-Person','FALSE',336,91736,1317668,'Roslyn','M',33,'Yes',1,'No',1029,'IC','Invest Cont',740,'VANDALISM - FELONY ($400 & OVE',200,'KNIFE WITH BLADE 6INCHES OR LE',2),(200104835,'05:50:00','In-Person','FALSE',261,81342,834524,'Roxie','M',39,'Yes',1,'No',3248,'IC','Invest Cont',901,'VIOLATION OF RESTRAINING ORDER',101,'REVOLVER',2),(200104836,'21:50:00','In-Person','FALSE',336,4625,2020999,'Rusty','M',35,'No',0,'No',1029,'IC','Invest Cont',740,'VANDALISM - FELONY ($400 & OVE',200,'KNIFE WITH BLADE 6INCHES OR LE',2),(200104842,'09:00:00','Phone','FALSE',336,41703,1196736,'Gay','M',32,'No',0,'No',1029,'IC','Invest Cont',330,'BURGLARY FROM VEHICLE',302,'BLUNT INSTRUMENT',2),(200104843,'17:00:00','Phone','FALSE',322,92219,868808,'Jarvis','M',33,'No',0,'No',3248,'IC','Invest Cont',910,'KIDNAPPING',308,'STICK',2),(200104844,'09:20:00','Phone','FALSE',223,75945,2206033,'Pearlie','M',34,'Yes',3,'No',4111,'IC','Invest Cont',230,'ASSAULT WITH DEADLY WEAPON, AG',216,'SCISSORS',2),(200104847,'17:00:00','In-Person','TRUE',223,5963,2338127,'Efrain','M',30,'No',0,'No',4111,'IC','Invest Cont',740,'VANDALISM - FELONY ($400 & OVE',200,'KNIFE WITH BLADE 6INCHES OR LE',2),(200104848,'18:00:00','In-Person','FALSE',371,34942,1001066,'Ahmad','M',35,'No',0,'No',1029,'IC','Invest Cont',930,'CRIMINAL THREATS - NO WEAPON D',212,'BOTTLE',2),(200104849,'11:45:00','Phone','FALSE',323,82085,1853464,'Magdalena','M',36,'Yes',2,'No',3248,'IC','Invest Cont',442,'SHOPLIFTING - PETTY THEFT ($95',400,'STRONG-ARM (HANDS, FIST, FEET ',2),(200104850,'05:00:00','Phone','TRUE',990,55275,1689228,'Beatriz','M',35,'Yes',2,'No',3262,'IC','Invest Cont',310,'BURGLARY',113,'SIMULATED GUN',2),(200104851,'23:15:00','In-Person','FALSE',990,121514,549810,'Saundra','M',36,'No',0,'No',3262,'IC','Invest Cont',350,'THEFT, PERSON',221,'GLASS',2),(200104853,'21:00:00','In-Person','FALSE',223,96493,1489009,'Dulce','M',33,'Yes',7,'No',4111,'IC','Invest Cont',440,'THEFT PLAIN - PETTY ($950 & UN',102,'HAND GUN',2),(200104857,'15:00:00','Phone','FALSE',990,67983,1478784,'Colt','M',32,'Yes',1,'No',1024,'IC','Invest Cont',420,'THEFT FROM MOTOR VEHICLE - PET',506,'FIRE',2),(200104860,'15:30:00','Phone','TRUE',990,95508,883888,'Justice','M',41,'Yes',5,'No',2037,'IC','Invest Cont',341,'THEFT-GRAND ($950.01 & OVER)EX',208,'RAZOR',2),(200104861,'14:50:00','In-Person','FALSE',323,35053,994327,'Paulina','M',31,'No',0,'No',3249,'AO','Adult Other',210,'ROBBERY',515,'PHYSICAL PRESENCE',2),(200104863,'22:00:00','In-Person','FALSE',371,38417,1397855,'Cali','M',36,'No',0,'No',1030,'IC','Invest Cont',330,'BURGLARY FROM VEHICLE',302,'BLUNT INSTRUMENT',2),(200104865,'05:30:00','In-Person','TRUE',323,77358,244444,'Amari','M',30,'No',0,'No',3249,'IC','Invest Cont',330,'BURGLARY FROM VEHICLE',302,'BLUNT INSTRUMENT',2),(200104866,'09:00:00','Phone','FALSE',425,95512,1658464,'Khalil','M',39,'No',0,'No',4112,'AO','Adult Other',121,'RAPE, FORCIBLE',511,'VERBAL THREAT',2),(200104868,'20:00:00','Phone','FALSE',371,66392,298439,'Chuck','M',35,'No',0,'No',1030,'IC','Invest Cont',624,'BATTERY - SIMPLE ASSAULT',500,'UNKNOWN WEAPON/OTHER WEAPON',2),(200104869,'14:50:00','Phone','FALSE',336,23776,1579948,'Eleanore','M',32,'No',0,'No',1030,'IC','Invest Cont',624,'BATTERY - SIMPLE ASSAULT',500,'UNKNOWN WEAPON/OTHER WEAPON',2),(200104872,'18:30:00','Phone','FALSE',371,46007,125217,'Elissa','M',30,'No',0,'No',1030,'IC','Invest Cont',330,'BURGLARY FROM VEHICLE',302,'BLUNT INSTRUMENT',2),(200104873,'10:30:00','Phone','TRUE',990,11253,620113,'Jamison','M',36,'Yes',4,'No',1024,'IC','Invest Cont',330,'BURGLARY FROM VEHICLE',302,'BLUNT INSTRUMENT',2),(200104874,'20:00:00','In-Person','FALSE',336,61458,1233690,'Juana','M',40,'No',0,'No',1029,'IC','Invest Cont',740,'VANDALISM - FELONY ($400 & OVE',200,'KNIFE WITH BLADE 6INCHES OR LE',2),(200104875,'19:55:00','Phone','TRUE',990,105999,1896793,'Ilene','M',30,'Yes',2,'No',3262,'IC','Invest Cont',888,'TRESPASSING',501,'BOMB THREAT',2),(200104879,'20:20:00','Phone','TRUE',1001,85627,1016740,'Kenzie','M',39,'Yes',1,'No',3263,'IC','Invest Cont',210,'ROBBERY',515,'PHYSICAL PRESENCE',2),(200104880,'18:00:00','Phone','TRUE',990,36878,2132172,'Maci','M',30,'No',0,'No',1028,'IC','Invest Cont',440,'THEFT PLAIN - PETTY ($950 & UN',102,'HAND GUN',2),(200104881,'23:00:00','Phone','TRUE',1001,28403,1102828,'Kade','M',36,'No',0,'No',3263,'IC','Invest Cont',236,'INTIMATE PARTNER - AGGRAVATED',205,'KITCHEN KNIFE',2),(200104884,'14:00:00','Phone','TRUE',336,71716,164968,'Devin','M',32,'No',0,'No',1030,'IC','Invest Cont',341,'THEFT-GRAND ($950.01 & OVER)EX',208,'RAZOR',2),(200104885,'16:00:00','In-Person','TRUE',990,112330,157128,'Josh','M',36,'No',0,'No',1024,'IC','Invest Cont',480,'BIKE - STOLEN',504,'DEMAND NOTE',2),(200104886,'16:25:00','In-Person','TRUE',223,47652,396290,'Odessa','M',39,'No',0,'No',4111,'IC','Invest Cont',440,'THEFT PLAIN - PETTY ($950 & UN',102,'HAND GUN',2),(200104887,'15:20:00','Phone','FALSE',1001,106166,188778,'Sonny','M',33,'Yes',4,'No',3263,'AO','Adult Other',946,'OTHER MISCELLANEOUS CRIME',204,'FOLDING KNIFE',2),(200104895,'19:00:00','Phone','FALSE',261,18249,1792105,'Ulysses','M',34,'No',0,'No',3249,'IC','Invest Cont',510,'VEHICLE - STOLEN',207,'OTHER KNIFE',2),(200104896,'18:10:00','Phone','TRUE',223,89999,1476730,'Krystle','M',36,'No',0,'No',4111,'IC','Invest Cont',956,'LETTERS, LEWD  -  TELEPHONE CA',206,'SWITCH BLADE',2),(200104903,'10:00:00','Phone','TRUE',990,120628,1007375,'Lorrie','M',31,'Yes',1,'No',1024,'IC','Invest Cont',330,'BURGLARY FROM VEHICLE',302,'BLUNT INSTRUMENT',2),(200104911,'07:00:00','In-Person','TRUE',990,62324,2223001,'Arline','M',41,'No',0,'No',2037,'IC','Invest Cont',910,'KIDNAPPING',308,'STICK',2),(200104921,'12:00:00','In-Person','TRUE',990,21263,1953424,'Sharron','M',32,'Yes',1,'No',1024,'IC','Invest Cont',740,'VANDALISM - FELONY ($400 & OVE',200,'KNIFE WITH BLADE 6INCHES OR LE',2),(200104922,'08:30:00','Phone','FALSE',990,110431,135909,'Deirdre','M',34,'Yes',3,'No',1024,'IC','Invest Cont',625,'OTHER ASSAULT',104,'SHOTGUN',2),(200104924,'14:00:00','In-Person','FALSE',990,92591,985057,'Lilian','M',35,'No',0,'No',1024,'IC','Invest Cont',330,'BURGLARY FROM VEHICLE',302,'BLUNT INSTRUMENT',2),(200104926,'12:00:00','In-Person','FALSE',261,23770,464351,'Liza','M',41,'No',0,'No',1023,'IC','Invest Cont',331,'THEFT FROM MOTOR VEHICLE - GRA',312,'PIPE/METAL PIPE',2),(200104928,'12:00:00','Phone','FALSE',990,7593,2222629,'Madilyn','M',40,'Yes',5,'No',2037,'IC','Invest Cont',440,'THEFT PLAIN - PETTY ($950 & UN',102,'HAND GUN',2),(200104934,'15:00:00','In-Person','FALSE',1001,4357,1201951,'Gunner','M',41,'Yes',5,'No',3263,'IC','Invest Cont',442,'SHOPLIFTING - PETTY THEFT ($95',400,'STRONG-ARM (HANDS, FIST, FEET ',2),(200104941,'16:20:00','In-Person','TRUE',261,87222,1246975,'Carey','M',35,'Yes',6,'No',3249,'IC','Invest Cont',930,'CRIMINAL THREATS - NO WEAPON D',212,'BOTTLE',2),(200104945,'15:30:00','Phone','TRUE',336,69215,1387915,'Tommie','M',35,'No',0,'No',1030,'IC','Invest Cont',624,'BATTERY - SIMPLE ASSAULT',500,'UNKNOWN WEAPON/OTHER WEAPON',2),(200104946,'15:30:00','In-Person','TRUE',323,4972,1408718,'Ned','M',35,'No',0,'No',3249,'IC','Invest Cont',624,'BATTERY - SIMPLE ASSAULT',500,'UNKNOWN WEAPON/OTHER WEAPON',2),(200104953,'19:00:00','Phone','FALSE',1001,47201,1069528,'Alyce','M',30,'Yes',3,'No',5555,'IC','Invest Cont',230,'ASSAULT WITH DEADLY WEAPON, AG',216,'SCISSORS',2),(200104954,'22:10:00','Phone','FALSE',1001,1616,126345,'Prince','M',37,'No',0,'No',3263,'IC','Invest Cont',624,'BATTERY - SIMPLE ASSAULT',500,'UNKNOWN WEAPON/OTHER WEAPON',2),(200104955,'02:30:00','Phone','TRUE',990,40727,1027550,'Everly','M',37,'Yes',1,'No',2037,'IC','Invest Cont',624,'BATTERY - SIMPLE ASSAULT',500,'UNKNOWN WEAPON/OTHER WEAPON',2),(200104959,'01:00:00','Phone','FALSE',223,3663,729987,'Marta','M',30,'No',0,'No',1031,'IC','Invest Cont',440,'THEFT PLAIN - PETTY ($950 & UN',102,'HAND GUN',2),(200104960,'23:30:00','Phone','FALSE',990,81569,336087,'Melina','M',32,'Yes',1,'No',1024,'AA','Adult Arrest',626,'INTIMATE PARTNER - SIMPLE ASSA',109,'SEMI-AUTOMATIC PISTOL',2),(200104962,'14:30:00','Phone','FALSE',223,123103,1152763,'Danica','M',30,'Yes',1,'No',4111,'IC','Invest Cont',910,'KIDNAPPING',308,'STICK',2),(200104963,'16:30:00','Phone','FALSE',990,99915,1595108,'Janae','M',35,'No',0,'No',2037,'IC','Invest Cont',440,'THEFT PLAIN - PETTY ($950 & UN',102,'HAND GUN',2),(200104964,'18:30:00','In-Person','TRUE',261,59095,661227,'Jacklyn','M',34,'No',0,'No',3249,'IC','Invest Cont',330,'BURGLARY FROM VEHICLE',302,'BLUNT INSTRUMENT',2),(200104971,'19:00:00','Phone','FALSE',990,33713,365990,'Elvis','M',35,'No',0,'No',1024,'IC','Invest Cont',510,'VEHICLE - STOLEN',207,'OTHER KNIFE',2),(200104972,'09:53:00','In-Person','TRUE',990,68531,1991667,'Octavia','M',39,'Yes',6,'No',2037,'IC','Invest Cont',946,'OTHER MISCELLANEOUS CRIME',204,'FOLDING KNIFE',2),(200104974,'05:30:00','Phone','TRUE',223,34895,319505,'Jeanie','M',32,'Yes',3,'No',1031,'IC','Invest Cont',330,'BURGLARY FROM VEHICLE',302,'BLUNT INSTRUMENT',2),(200104975,'11:00:00','Phone','FALSE',336,43783,2379270,'Wiley','M',33,'No',0,'No',7010,'IC','Invest Cont',740,'VANDALISM - FELONY ($400 & OVE',200,'KNIFE WITH BLADE 6INCHES OR LE',2),(200104977,'08:20:00','Phone','TRUE',887,16247,800061,'Carley','M',41,'No',0,'No',2041,'IC','Invest Cont',625,'OTHER ASSAULT',104,'SHOTGUN',2),(200104982,'14:00:00','Phone','TRUE',1001,54434,1330817,'Tyler','M',36,'No',0,'No',3263,'IC','Invest Cont',860,'BATTERY WITH SEXUAL CONTACT',201,'KNIFE WITH BLADE OVER 6 INCHES',2),(200104990,'16:30:00','In-Person','FALSE',223,95106,1851445,'Santos','M',40,'Yes',7,'No',1031,'AA','Adult Arrest',624,'BATTERY - SIMPLE ASSAULT',500,'UNKNOWN WEAPON/OTHER WEAPON',2),(200104991,'17:30:00','Phone','FALSE',223,33649,795843,'Shayna','M',34,'Yes',1,'No',4111,'IC','Invest Cont',442,'SHOPLIFTING - PETTY THEFT ($95',400,'STRONG-ARM (HANDS, FIST, FEET ',2),(200104992,'01:00:00','Phone','TRUE',1001,29324,1386718,'Reese','M',41,'No',0,'No',3263,'IC','Invest Cont',210,'ROBBERY',515,'PHYSICAL PRESENCE',2),(200104993,'16:30:00','In-Person','TRUE',322,47009,2050118,'Rhea','M',36,'Yes',7,'No',3249,'AA','Adult Arrest',624,'BATTERY - SIMPLE ASSAULT',500,'UNKNOWN WEAPON/OTHER WEAPON',2),(200104994,'01:00:00','In-Person','FALSE',990,17562,1664186,'Al','M',30,'No',0,'No',2037,'AA','Adult Arrest',210,'ROBBERY',515,'PHYSICAL PRESENCE',2),(200104997,'13:00:00','Phone','FALSE',223,113400,104132,'Cathryn','M',33,'Yes',1,'No',4444,'IC','Invest Cont',624,'BATTERY - SIMPLE ASSAULT',500,'UNKNOWN WEAPON/OTHER WEAPON',2),(200105001,'19:50:00','Phone','FALSE',371,88764,1856466,'Asa','M',36,'Yes',2,'No',1026,'IC','Invest Cont',761,'BRANDISH WEAPON',307,'VEHICLE',2),(200105005,'01:00:00','Phone','FALSE',990,26651,861172,'Augustus','M',36,'Yes',4,'Yes',1024,'IC','Invest Cont',626,'INTIMATE PARTNER - SIMPLE ASSA',109,'SEMI-AUTOMATIC PISTOL',2),(200105006,'11:30:00','Phone','FALSE',223,55751,1931260,'Emory','M',31,'No',0,'No',4111,'IC','Invest Cont',740,'VANDALISM - FELONY ($400 & OVE',200,'KNIFE WITH BLADE 6INCHES OR LE',2),(200105008,'16:40:00','In-Person','FALSE',990,36696,723021,'Consuelo','M',34,'No',0,'No',1024,'IC','Invest Cont',440,'THEFT PLAIN - PETTY ($950 & UN',102,'HAND GUN',2),(200105009,'16:30:00','In-Person','FALSE',223,69047,301688,'Chrystal','M',41,'Yes',5,'Yes',1031,'IC','Invest Cont',440,'THEFT PLAIN - PETTY ($950 & UN',102,'HAND GUN',2),(200105010,'08:00:00','Phone','FALSE',1001,57220,126883,'Curt','M',39,'Yes',1,'No',3263,'IC','Invest Cont',440,'THEFT PLAIN - PETTY ($950 & UN',102,'HAND GUN',2),(200105014,'14:30:00','Phone','FALSE',336,60420,1522186,'Althea','M',31,'No',0,'No',1026,'AO','Adult Other',740,'VANDALISM - FELONY ($400 & OVE',200,'KNIFE WITH BLADE 6INCHES OR LE',2),(200105015,'12:00:00','In-Person','FALSE',1001,10610,1414706,'Joselyn','M',40,'No',0,'No',3263,'IC','Invest Cont',354,'THEFT OF IDENTITY',513,'STUN GUN',2),(200105019,'11:50:00','In-Person','FALSE',223,39184,2191923,'Nicolette','M',34,'Yes',1,'Yes',1031,'IC','Invest Cont',910,'KIDNAPPING',308,'STICK',2),(200105023,'10:00:00','Phone','FALSE',223,14067,80697,'Charmaine','M',34,'No',0,'No',2042,'IC','Invest Cont',330,'BURGLARY FROM VEHICLE',302,'BLUNT INSTRUMENT',2),(200105026,'19:10:00','Phone','FALSE',990,45395,1685744,'Major','M',31,'No',0,'Yes',1024,'IC','Invest Cont',341,'THEFT-GRAND ($950.01 & OVER)EX',208,'RAZOR',2),(200105027,'14:45:00','In-Person','FALSE',893,34437,1694233,'Chantel','M',34,'Yes',2,'Yes',4003,'IC','Invest Cont',341,'THEFT-GRAND ($950.01 & OVER)EX',208,'RAZOR',2),(200105028,'00:45:00','In-Person','FALSE',371,77896,51998,'Parker','M',34,'No',0,'Yes',2038,'IC','Invest Cont',341,'THEFT-GRAND ($950.01 & OVER)EX',208,'RAZOR',2),(200105029,'13:10:00','Phone','FALSE',371,83222,1453182,'Anya','M',39,'No',0,'No',2038,'IC','Invest Cont',341,'THEFT-GRAND ($950.01 & OVER)EX',208,'RAZOR',2),(200105030,'18:00:00','Phone','FALSE',887,66225,2330665,'Blair','M',37,'No',0,'Yes',4002,'IC','Invest Cont',330,'BURGLARY FROM VEHICLE',302,'BLUNT INSTRUMENT',2),(200105033,'20:15:00','Phone','FALSE',336,118765,589208,'Karter','M',40,'Yes',1,'Yes',2038,'IC','Invest Cont',330,'BURGLARY FROM VEHICLE',302,'BLUNT INSTRUMENT',2),(200105035,'19:15:00','Phone','FALSE',1001,118501,178343,'Lina','M',35,'Yes',6,'No',3263,'IC','Invest Cont',440,'THEFT PLAIN - PETTY ($950 & UN',102,'HAND GUN',2),(200105036,'10:30:00','Phone','FALSE',1001,69847,1530638,'Bruno','M',41,'Yes',4,'No',3263,'IC','Invest Cont',860,'BATTERY WITH SEXUAL CONTACT',201,'KNIFE WITH BLADE OVER 6 INCHES',2),(200105041,'20:00:00','Phone','FALSE',1001,122915,2237092,'Porter','M',35,'No',0,'Yes',3263,'IC','Invest Cont',350,'THEFT, PERSON',221,'GLASS',2),(200105042,'11:20:00','Phone','FALSE',1001,43043,310226,'Tyrell','M',32,'Yes',3,'Yes',3263,'IC','Invest Cont',850,'INDECENT EXPOSURE',304,'CLUB/BAT',2),(200105044,'07:20:00','In-Person','FALSE',371,102816,355020,'Carmen','M',39,'No',0,'No',2038,'AA','Adult Arrest',510,'VEHICLE - STOLEN',207,'OTHER KNIFE',3),(200105047,'12:00:00','In-Person','FALSE',223,24604,1143757,'Uriel','M',36,'Yes',7,'Yes',1031,'IC','Invest Cont',624,'BATTERY - SIMPLE ASSAULT',500,'UNKNOWN WEAPON/OTHER WEAPON',3),(200105051,'02:30:00','Phone','FALSE',223,73273,1502389,'Humberto','M',41,'Yes',1,'No',4111,'IC','Invest Cont',210,'ROBBERY',515,'PHYSICAL PRESENCE',3),(200105054,'17:00:00','Phone','FALSE',1001,106005,1898316,'Zelma','M',40,'No',0,'Yes',3263,'IC','Invest Cont',420,'THEFT FROM MOTOR VEHICLE - PET',506,'FIRE',1),(200105055,'18:45:00','In-Person','FALSE',261,71579,444121,'Millard','M',35,'No',0,'No',3249,'IC','Invest Cont',220,'ATTEMPTED ROBBERY',219,'SCREWDRIVER',1),(200105056,'07:20:00','In-Person','FALSE',322,2812,468214,'Pierce','M',39,'No',0,'No',3248,'IC','Invest Cont',330,'BURGLARY FROM VEHICLE',302,'BLUNT INSTRUMENT',1),(200105057,'23:50:00','In-Person','FALSE',371,22523,1215866,'Coy','M',30,'Yes',1,'No',2038,'IC','Invest Cont',761,'BRANDISH WEAPON',307,'VEHICLE',1),(200105059,'19:00:00','In-Person','FALSE',322,37452,2142536,'Javon','M',34,'Yes',5,'Yes',3249,'IC','Invest Cont',331,'THEFT FROM MOTOR VEHICLE - GRA',312,'PIPE/METAL PIPE',1),(200105060,'02:00:00','Phone','FALSE',223,2501,1124675,'Hal','M',33,'No',0,'No',1031,'IC','Invest Cont',331,'THEFT FROM MOTOR VEHICLE - GRA',312,'PIPE/METAL PIPE',1),(200105062,'14:34:00','Phone','FALSE',322,61035,439558,'Libby','M',39,'Yes',7,'Yes',3249,'IC','Invest Cont',930,'CRIMINAL THREATS - NO WEAPON D',212,'BOTTLE',1),(200105066,'18:25:00','Phone','FALSE',1001,37862,177875,'Ainsley','M',37,'No',0,'Yes',5100,'IC','Invest Cont',624,'BATTERY - SIMPLE ASSAULT',500,'UNKNOWN WEAPON/OTHER WEAPON',1),(200105067,'13:58:00','Phone','FALSE',223,2033,1278541,'Liana','M',34,'No',0,'Yes',4111,'IC','Invest Cont',442,'SHOPLIFTING - PETTY THEFT ($95',400,'STRONG-ARM (HANDS, FIST, FEET ',1),(200105068,'06:30:00','In-Person','FALSE',990,7737,7461,'Gemma','M',30,'No',0,'Yes',1024,'IC','Invest Cont',210,'ROBBERY',515,'PHYSICAL PRESENCE',1),(200105069,'22:00:00','Phone','FALSE',371,76037,244296,'Ernie','M',33,'No',0,'Yes',2038,'IC','Invest Cont',330,'BURGLARY FROM VEHICLE',302,'BLUNT INSTRUMENT',1),(200105073,'12:30:00','Phone','FALSE',223,15185,1048913,'Galen','M',32,'No',0,'No',4111,'IC','Invest Cont',330,'BURGLARY FROM VEHICLE',302,'BLUNT INSTRUMENT',1),(200105074,'22:00:00','Phone','FALSE',1001,105412,1427406,'Nona','M',31,'No',0,'Yes',3263,'IC','Invest Cont',330,'BURGLARY FROM VEHICLE',302,'BLUNT INSTRUMENT',1),(200105075,'03:15:00','Phone','FALSE',323,113127,1327228,'Casandra','M',37,'Yes',3,'Yes',3249,'IC','Invest Cont',761,'BRANDISH WEAPON',307,'VEHICLE',1),(200105082,'15:00:00','Phone','FALSE',223,3423,613353,'Bart','M',37,'No',0,'No',4111,'IC','Invest Cont',510,'VEHICLE - STOLEN',207,'OTHER KNIFE',1),(200105087,'11:00:00','Phone','FALSE',1001,34763,2022732,'Corina','M',39,'Yes',1,'No',3263,'IC','Invest Cont',442,'SHOPLIFTING - PETTY THEFT ($95',400,'STRONG-ARM (HANDS, FIST, FEET ',1),(200105088,'15:20:00','Phone','FALSE',990,92088,10432,'Damion','M',34,'No',0,'No',1024,'IC','Invest Cont',860,'BATTERY WITH SEXUAL CONTACT',201,'KNIFE WITH BLADE OVER 6 INCHES',1),(200105090,'18:30:00','Phone','FALSE',1001,13802,1814568,'Nehemiah','M',34,'Yes',1,'No',5555,'IC','Invest Cont',330,'BURGLARY FROM VEHICLE',302,'BLUNT INSTRUMENT',1),(200105092,'14:45:00','Phone','FALSE',371,13767,2234214,'Rickie','M',30,'No',0,'No',2035,'IC','Invest Cont',220,'ATTEMPTED ROBBERY',219,'SCREWDRIVER',1),(200105094,'09:00:00','Phone','FALSE',261,87926,1264134,'Shelby','M',31,'No',0,'No',3249,'IC','Invest Cont',341,'THEFT-GRAND ($950.01 & OVER)EX',208,'RAZOR',1),(200105095,'08:00:00','In-Person','FALSE',322,6371,180319,'Justice','M',35,'No',0,'No',3249,'IC','Invest Cont',910,'KIDNAPPING',308,'STICK',1),(200105097,'15:15:00','Phone','FALSE',990,112611,1542120,'Janna','M',34,'No',0,'No',1024,'IC','Invest Cont',860,'BATTERY WITH SEXUAL CONTACT',201,'KNIFE WITH BLADE OVER 6 INCHES',1),(200105099,'11:15:00','In-Person','FALSE',371,80090,2256672,'Jax','M',41,'Yes',1,'No',2038,'IC','Invest Cont',888,'TRESPASSING',501,'BOMB THREAT',1),(200105100,'01:00:00','Phone','FALSE',887,108128,1480074,'Earline','M',36,'No',0,'No',5245,'IC','Invest Cont',910,'KIDNAPPING',308,'STICK',3),(200105101,'13:10:00','Phone','FALSE',425,121032,1597286,'Itzel','M',30,'Yes',6,'No',3223,'IC','Invest Cont',442,'SHOPLIFTING - PETTY THEFT ($95',400,'STRONG-ARM (HANDS, FIST, FEET ',3),(200105103,'06:50:00','Phone','FALSE',261,28147,1144731,'Lavonne','M',39,'No',0,'No',3249,'IC','Invest Cont',440,'THEFT PLAIN - PETTY ($950 & UN',102,'HAND GUN',3),(200105108,'04:00:00','Phone','FALSE',371,15868,1620247,'Kaitlynn','M',40,'No',0,'No',2038,'IC','Invest Cont',330,'BURGLARY FROM VEHICLE',302,'BLUNT INSTRUMENT',3),(200105111,'08:55:00','Phone','FALSE',223,94308,1095698,'Orion','M',37,'No',0,'No',1031,'IC','Invest Cont',624,'BATTERY - SIMPLE ASSAULT',500,'UNKNOWN WEAPON/OTHER WEAPON',3),(200105113,'12:20:00','Phone','FALSE',223,36602,29934,'Cristal','M',37,'No',0,'No',4111,'IC','Invest Cont',624,'BATTERY - SIMPLE ASSAULT',500,'UNKNOWN WEAPON/OTHER WEAPON',3),(200105115,'10:00:00','Phone','FALSE',425,37435,947196,'Lyric','M',32,'Yes',4,'No',4112,'IC','Invest Cont',480,'BIKE - STOLEN',504,'DEMAND NOTE',3),(200105117,'17:20:00','Phone','FALSE',990,94209,2163243,'Augusta','M',31,'Yes',4,'No',1024,'IC','Invest Cont',440,'THEFT PLAIN - PETTY ($950 & UN',102,'HAND GUN',3),(200105118,'16:30:00','Phone','FALSE',1001,37540,1279404,'Destinee','M',32,'Yes',1,'No',3263,'IC','Invest Cont',440,'THEFT PLAIN - PETTY ($950 & UN',102,'HAND GUN',3),(200105120,'13:25:00','In-Person','FALSE',323,59530,240933,'William','M',30,'No',0,'No',3249,'IC','Invest Cont',442,'SHOPLIFTING - PETTY THEFT ($95',400,'STRONG-ARM (HANDS, FIST, FEET ',3),(200105121,'21:00:00','Phone','FALSE',990,93791,2255622,'Kathrine','M',37,'Yes',5,'No',1024,'IC','Invest Cont',440,'THEFT PLAIN - PETTY ($950 & UN',102,'HAND GUN',3),(200105126,'19:00:00','In-Person','FALSE',371,105682,1073551,'Miracle','M',37,'No',0,'No',2038,'IC','Invest Cont',230,'ASSAULT WITH DEADLY WEAPON, AG',216,'SCISSORS',3),(200105131,'16:40:00','Phone','FALSE',425,79121,2325064,'Kaleigh','M',40,'Yes',6,'No',4112,'IC','Invest Cont',442,'SHOPLIFTING - PETTY THEFT ($95',400,'STRONG-ARM (HANDS, FIST, FEET ',3),(200105132,'02:00:00','Phone','FALSE',990,5311,1997387,'Mina','M',40,'No',0,'No',1024,'IC','Invest Cont',626,'INTIMATE PARTNER - SIMPLE ASSA',109,'SEMI-AUTOMATIC PISTOL',3),(200105133,'19:30:00','In-Person','FALSE',1001,81411,1391392,'Aniya','M',39,'Yes',7,'No',3263,'IC','Invest Cont',910,'KIDNAPPING',308,'STICK',3),(200105134,'15:00:00','Phone','FALSE',425,277,1298380,'Barney','M',33,'No',0,'No',4112,'IC','Invest Cont',330,'BURGLARY FROM VEHICLE',302,'BLUNT INSTRUMENT',3),(200105135,'19:30:00','Phone','FALSE',223,76344,953911,'Monroe','M',40,'Yes',3,'No',1031,'IC','Invest Cont',910,'KIDNAPPING',308,'STICK',3),(200105139,'19:00:00','Phone','FALSE',223,64039,2272918,'Adelyn','M',34,'No',0,'No',1031,'IC','Invest Cont',902,'VIOLATION OF TEMPORARY RESTRAI',211,'AXE',3),(200105140,'22:15:00','Phone','FALSE',1001,67303,1500942,'Jamar','M',35,'Yes',1,'No',3263,'IC','Invest Cont',946,'OTHER MISCELLANEOUS CRIME',204,'FOLDING KNIFE',3),(200105142,'19:30:00','Phone','FALSE',425,122112,2350279,'Phoenix','M',31,'Yes',1,'No',1034,'IC','Invest Cont',745,'VANDALISM - MISDEAMEANOR ($399',306,'ROCK/THROWN OBJECT',3),(200105144,'19:00:00','In-Person','FALSE',425,117109,471073,'Kinley','M',39,'No',0,'No',4112,'IC','Invest Cont',480,'BIKE - STOLEN',504,'DEMAND NOTE',3),(200105148,'15:30:00','In-Person','FALSE',425,14966,2295256,'Carina','M',31,'Yes',2,'No',4112,'IC','Invest Cont',440,'THEFT PLAIN - PETTY ($950 & UN',102,'HAND GUN',3),(200105151,'16:00:00','Phone','FALSE',322,71994,622091,'Terra','M',33,'Yes',4,'No',3249,'AO','Adult Other',664,'BUNCO, PETTY THEFT',103,'RIFLE',3),(200105152,'09:10:00','Phone','FALSE',223,93782,117288,'Earnestine','M',35,'Yes',4,'No',1031,'IC','Invest Cont',625,'OTHER ASSAULT',104,'SHOTGUN',3),(200105154,'11:45:00','Phone','FALSE',1001,19676,1776111,'Janell','M',32,'No',0,'No',3263,'AA','Adult Arrest',626,'INTIMATE PARTNER - SIMPLE ASSA',109,'SEMI-AUTOMATIC PISTOL',3),(200105157,'15:15:00','Phone','FALSE',336,123624,1059905,'Blair','M',31,'Yes',2,'No',1026,'IC','Invest Cont',330,'BURGLARY FROM VEHICLE',302,'BLUNT INSTRUMENT',3),(200105158,'18:15:00','In-Person','FALSE',336,58212,1873877,'Kellen','M',34,'No',0,'No',3246,'IC','Invest Cont',440,'THEFT PLAIN - PETTY ($950 & UN',102,'HAND GUN',3),(200105159,'16:14:00','Phone','FALSE',990,109374,374487,'Fernanda','M',40,'No',0,'No',1024,'IC','Invest Cont',440,'THEFT PLAIN - PETTY ($950 & UN',102,'HAND GUN',3),(200105164,'13:45:00','Phone','FALSE',371,26293,1198638,'Mari','M',30,'No',0,'No',2038,'IC','Invest Cont',740,'VANDALISM - FELONY ($400 & OVE',200,'KNIFE WITH BLADE 6INCHES OR LE',3),(200105166,'08:35:00','In-Person','FALSE',425,95196,864239,'Roseann','M',35,'No',0,'No',4112,'IC','Invest Cont',624,'BATTERY - SIMPLE ASSAULT',500,'UNKNOWN WEAPON/OTHER WEAPON',3),(200105176,'15:40:00','In-Person','FALSE',223,17291,1305677,'Regan','M',34,'No',0,'No',1031,'IC','Invest Cont',442,'SHOPLIFTING - PETTY THEFT ($95',400,'STRONG-ARM (HANDS, FIST, FEET ',3),(200105184,'14:30:00','Phone','FALSE',336,10170,1480733,'Maximilian','M',30,'Yes',2,'No',2038,'IC','Invest Cont',624,'BATTERY - SIMPLE ASSAULT',500,'UNKNOWN WEAPON/OTHER WEAPON',3),(200105186,'14:00:00','Phone','FALSE',336,11192,298237,'Rashad','M',36,'No',0,'No',2038,'IC','Invest Cont',624,'BATTERY - SIMPLE ASSAULT',500,'UNKNOWN WEAPON/OTHER WEAPON',3),(200105187,'12:00:00','In-Person','FALSE',425,122580,296505,'Adrian','M',35,'No',0,'No',3223,'IC','Invest Cont',442,'SHOPLIFTING - PETTY THEFT ($95',400,'STRONG-ARM (HANDS, FIST, FEET ',3),(200105188,'03:00:00','In-Person','FALSE',261,3727,1409768,'Joesph','M',37,'Yes',3,'No',3247,'IC','Invest Cont',624,'BATTERY - SIMPLE ASSAULT',500,'UNKNOWN WEAPON/OTHER WEAPON',3),(200105191,'02:05:00','In-Person','FALSE',261,23579,726248,'Dee','M',39,'No',0,'No',1023,'AA','Adult Arrest',230,'ASSAULT WITH DEADLY WEAPON, AG',216,'SCISSORS',3),(200105192,'02:05:00','Phone','FALSE',336,45015,664128,'Mohamed','M',37,'Yes',1,'No',2038,'AA','Adult Arrest',230,'ASSAULT WITH DEADLY WEAPON, AG',216,'SCISSORS',3),(200105193,'02:05:00','In-Person','FALSE',336,59062,124504,'Irwin','M',40,'No',0,'No',2038,'AA','Adult Arrest',740,'VANDALISM - FELONY ($400 & OVE',200,'KNIFE WITH BLADE 6INCHES OR LE',3),(200105194,'22:00:00','Phone','TRUE',336,14758,365026,'Graciela','M',35,'Yes',1,'No',7010,'IC','Invest Cont',210,'ROBBERY',515,'PHYSICAL PRESENCE',3),(200105200,'23:00:00','Phone','FALSE',223,39602,1828450,'Denis','M',36,'Yes',3,'No',1031,'IC','Invest Cont',510,'VEHICLE - STOLEN',207,'OTHER KNIFE',1),(200105201,'06:00:00','In-Person','FALSE',371,57818,1192111,'Margery','M',37,'No',0,'No',2038,'IC','Invest Cont',624,'BATTERY - SIMPLE ASSAULT',500,'UNKNOWN WEAPON/OTHER WEAPON',3),(200105202,'20:15:00','Phone','FALSE',261,73813,1993429,'Kareem','M',32,'No',0,'No',4011,'IC','Invest Cont',920,'KIDNAPPING - GRAND ATTEMPT',115,'ASSAULT WEAPON/UZI/AK47/ETC',3),(200105204,'22:22:00','Phone','FALSE',322,42700,877887,'Tiffani','M',40,'Yes',6,'No',3249,'IC','Invest Cont',740,'VANDALISM - FELONY ($400 & OVE',200,'KNIFE WITH BLADE 6INCHES OR LE',3),(200105205,'19:00:00','Phone','FALSE',371,64170,2331055,'Shania','M',32,'Yes',3,'No',7010,'IC','Invest Cont',910,'KIDNAPPING',308,'STICK',3),(200105206,'19:30:00','In-Person','FALSE',990,93242,792987,'Marcie','M',32,'Yes',1,'No',1024,'IC','Invest Cont',740,'VANDALISM - FELONY ($400 & OVE',200,'KNIFE WITH BLADE 6INCHES OR LE',3),(200105207,'09:00:00','Phone','TRUE',223,30037,70804,'Adolfo','M',41,'Yes',4,'No',1031,'IC','Invest Cont',740,'VANDALISM - FELONY ($400 & OVE',200,'KNIFE WITH BLADE 6INCHES OR LE',3),(200105208,'01:00:00','In-Person','TRUE',322,99790,1148845,'Deja','M',31,'No',0,'No',3249,'IC','Invest Cont',745,'VANDALISM - MISDEAMEANOR ($399',306,'ROCK/THROWN OBJECT',3),(200105211,'02:50:00','Phone','TRUE',223,1582,1262937,'Deidre','M',34,'No',0,'No',1031,'IC','Invest Cont',440,'THEFT PLAIN - PETTY ($950 & UN',102,'HAND GUN',3),(200105212,'20:00:00','In-Person','FALSE',425,117531,474293,'Alvaro','M',41,'No',0,'No',4112,'IC','Invest Cont',330,'BURGLARY FROM VEHICLE',302,'BLUNT INSTRUMENT',3),(200105214,'01:00:00','Phone','TRUE',990,54791,157153,'Anika','M',30,'Yes',1,'No',1024,'IC','Invest Cont',626,'INTIMATE PARTNER - SIMPLE ASSA',109,'SEMI-AUTOMATIC PISTOL',3),(200105215,'01:30:00','In-Person','FALSE',425,13787,1770485,'Dayna','M',39,'No',0,'No',4112,'IC','Invest Cont',350,'THEFT, PERSON',221,'GLASS',3),(200105218,'12:30:00','Phone','TRUE',1001,35474,1991443,'Celina','M',34,'No',0,'No',3263,'IC','Invest Cont',330,'BURGLARY FROM VEHICLE',302,'BLUNT INSTRUMENT',3),(200105219,'02:55:00','Phone','TRUE',990,112470,1446709,'Deanne','M',35,'No',0,'No',1024,'IC','Invest Cont',230,'ASSAULT WITH DEADLY WEAPON, AG',216,'SCISSORS',3),(200105221,'01:30:00','Phone','FALSE',1001,445,1098344,'Donte','M',33,'Yes',5,'No',3263,'IC','Invest Cont',440,'THEFT PLAIN - PETTY ($950 & UN',102,'HAND GUN',3),(200105224,'19:00:00','Phone','FALSE',1001,91459,2061116,'Kaydence','M',34,'No',0,'No',3263,'IC','Invest Cont',510,'VEHICLE - STOLEN',207,'OTHER KNIFE',3),(200105225,'17:00:00','Phone','FALSE',336,108075,100805,'Tierra','M',40,'No',0,'No',2038,'IC','Invest Cont',330,'BURGLARY FROM VEHICLE',302,'BLUNT INSTRUMENT',3),(200105226,'21:00:00','In-Person','FALSE',336,93623,1099441,'Lyndsey','M',32,'No',0,'No',2038,'IC','Invest Cont',220,'ATTEMPTED ROBBERY',219,'SCREWDRIVER',3),(200105227,'21:15:00','Phone','TRUE',425,14145,2130264,'Gia','M',30,'Yes',6,'No',4112,'IC','Invest Cont',745,'VANDALISM - MISDEAMEANOR ($399',306,'ROCK/THROWN OBJECT',3),(200105228,'22:00:00','In-Person','TRUE',223,71174,1713032,'Eddie','M',30,'No',0,'No',4111,'IC','Invest Cont',330,'BURGLARY FROM VEHICLE',302,'BLUNT INSTRUMENT',3),(200105232,'08:40:00','Phone','TRUE',223,74999,2230447,'Kierra','M',33,'Yes',1,'No',1031,'IC','Invest Cont',860,'BATTERY WITH SEXUAL CONTACT',201,'KNIFE WITH BLADE OVER 6 INCHES',3),(200105235,'07:25:00','Phone','TRUE',425,99749,93801,'Dayton','M',33,'Yes',3,'No',4112,'AA','Adult Arrest',236,'INTIMATE PARTNER - AGGRAVATED',205,'KITCHEN KNIFE',3),(200105237,'09:30:00','Phone','TRUE',425,14284,1531852,'Rhiannon','M',33,'Yes',4,'No',1033,'IC','Invest Cont',930,'CRIMINAL THREATS - NO WEAPON D',212,'BOTTLE',3),(200105238,'18:20:00','In-Person','FALSE',336,78560,1283073,'Forest','M',32,'Yes',3,'No',1025,'IC','Invest Cont',761,'BRANDISH WEAPON',307,'VEHICLE',3),(200105240,'19:00:00','Phone','FALSE',261,52256,202172,'Denny','M',39,'No',0,'No',3249,'IC','Invest Cont',330,'BURGLARY FROM VEHICLE',302,'BLUNT INSTRUMENT',3),(200105241,'02:00:00','In-Person','FALSE',223,122377,1736749,'Edwina','M',33,'No',0,'No',1031,'IC','Invest Cont',330,'BURGLARY FROM VEHICLE',302,'BLUNT INSTRUMENT',3),(200105244,'17:00:00','In-Person','FALSE',336,28888,1579173,'Jerri','M',33,'Yes',3,'No',2038,'IC','Invest Cont',910,'KIDNAPPING',308,'STICK',3),(200105247,'08:35:00','In-Person','TRUE',322,116246,1158604,'Braylon','M',40,'No',0,'No',4001,'IC','Invest Cont',930,'CRIMINAL THREATS - NO WEAPON D',212,'BOTTLE',3),(200105249,'01:00:00','Phone','TRUE',223,24737,804963,'Aspen','M',41,'Yes',3,'No',1031,'IC','Invest Cont',420,'THEFT FROM MOTOR VEHICLE - PET',506,'FIRE',3),(200105255,'15:30:00','In-Person','FALSE',223,119519,1947962,'Hans','M',31,'Yes',2,'No',1031,'IC','Invest Cont',343,'SHOPLIFTING-GRAND THEFT ($950.',116,'ANTIQUE FIREARM',3),(200105259,'23:50:00','In-Person','TRUE',322,5046,2140774,'Carlene','M',34,'No',0,'No',4001,'AA','Adult Arrest',236,'INTIMATE PARTNER - AGGRAVATED',205,'KITCHEN KNIFE',3),(200105262,'01:00:00','In-Person','TRUE',887,64373,862205,'Jeffry','M',31,'No',0,'No',5245,'IC','Invest Cont',230,'ASSAULT WITH DEADLY WEAPON, AG',216,'SCISSORS',3),(200105263,'19:00:00','In-Person','TRUE',425,72624,2074235,'Rosella','M',36,'Yes',2,'No',4112,'IC','Invest Cont',310,'BURGLARY',113,'SIMULATED GUN',3),(200105264,'01:00:00','Phone','TRUE',336,20107,584120,'Lelia','M',40,'Yes',6,'No',1025,'IC','Invest Cont',230,'ASSAULT WITH DEADLY WEAPON, AG',216,'SCISSORS',3),(200105265,'23:30:00','In-Person','TRUE',371,4358,2344715,'Deshawn','M',33,'No',0,'No',1025,'IC','Invest Cont',230,'ASSAULT WITH DEADLY WEAPON, AG',216,'SCISSORS',3),(200105266,'23:30:00','Phone','FALSE',336,26278,1506966,'Madisyn','M',36,'Yes',7,'No',1025,'IC','Invest Cont',230,'ASSAULT WITH DEADLY WEAPON, AG',216,'SCISSORS',3),(200105267,'08:00:00','Phone','FALSE',223,83882,359601,'Harris','M',41,'No',0,'No',1031,'IC','Invest Cont',624,'BATTERY - SIMPLE ASSAULT',500,'UNKNOWN WEAPON/OTHER WEAPON',3),(200105268,'19:30:00','Phone','FALSE',425,100808,121965,'Luann','M',39,'Yes',4,'No',4112,'IC','Invest Cont',420,'THEFT FROM MOTOR VEHICLE - PET',506,'FIRE',3),(200105269,'15:00:00','Phone','FALSE',336,52003,142680,'Jett','M',41,'Yes',3,'No',2038,'IC','Invest Cont',480,'BIKE - STOLEN',504,'DEMAND NOTE',3),(200105270,'15:00:00','Phone','TRUE',323,7400,2274418,'Alden','M',34,'No',0,'No',4001,'IC','Invest Cont',480,'BIKE - STOLEN',504,'DEMAND NOTE',3),(200105271,'23:54:00','Phone','TRUE',1001,52451,1839861,'Ester','M',37,'Yes',7,'No',7100,'IC','Invest Cont',442,'SHOPLIFTING - PETTY THEFT ($95',400,'STRONG-ARM (HANDS, FIST, FEET ',3),(200105273,'13:30:00','In-Person','FALSE',425,20532,1878369,'Reyna','M',31,'No',0,'No',3250,'IC','Invest Cont',624,'BATTERY - SIMPLE ASSAULT',500,'UNKNOWN WEAPON/OTHER WEAPON',3),(200105275,'11:45:00','Phone','FALSE',425,57732,942162,'Denver','M',35,'Yes',7,'No',4112,'AA','Adult Arrest',626,'INTIMATE PARTNER - SIMPLE ASSA',109,'SEMI-AUTOMATIC PISTOL',3),(200105276,'13:00:00','Phone','TRUE',261,50909,562465,'Cohen','M',41,'Yes',6,'No',4011,'AA','Adult Arrest',740,'VANDALISM - FELONY ($400 & OVE',200,'KNIFE WITH BLADE 6INCHES OR LE',3),(200105277,'14:40:00','Phone','FALSE',425,73080,816573,'Minerva','F',31,'No',0,'No',3250,'IC','Invest Cont',420,'THEFT FROM MOTOR VEHICLE - PET',506,'FIRE',3),(200105278,'01:00:00','In-Person','FALSE',371,104668,609794,'Vivienne','F',37,'No',0,'No',1025,'IC','Invest Cont',330,'BURGLARY FROM VEHICLE',302,'BLUNT INSTRUMENT',3),(200105280,'20:15:00','Phone','FALSE',425,106992,534203,'Hailee','F',36,'Yes',4,'No',2036,'IC','Invest Cont',745,'VANDALISM - MISDEAMEANOR ($399',306,'ROCK/THROWN OBJECT',3),(200105281,'03:00:00','Phone','TRUE',223,34869,852918,'Quintin','M',33,'Yes',6,'No',1031,'IC','Invest Cont',350,'THEFT, PERSON',221,'GLASS',3),(200105282,'07:35:00','Phone','TRUE',223,120784,1392257,'Elisha','F',40,'Yes',5,'No',1031,'IC','Invest Cont',624,'BATTERY - SIMPLE ASSAULT',500,'UNKNOWN WEAPON/OTHER WEAPON',3),(200105283,'19:45:00','In-Person','FALSE',336,109681,1235186,'Wilmer','M',33,'No',0,'No',2038,'IC','Invest Cont',624,'BATTERY - SIMPLE ASSAULT',500,'UNKNOWN WEAPON/OTHER WEAPON',3),(200105284,'18:00:00','Phone','FALSE',261,76390,1745085,'Lexie','F',36,'Yes',7,'No',1023,'IC','Invest Cont',210,'ROBBERY',515,'PHYSICAL PRESENCE',3),(200105287,'11:20:00','In-Person','TRUE',223,31516,1011250,'Maximiliano','M',41,'No',0,'No',2042,'IC','Invest Cont',330,'BURGLARY FROM VEHICLE',302,'BLUNT INSTRUMENT',3),(200105288,'12:50:00','Phone','FALSE',322,37188,261652,'Cheyanne','F',40,'Yes',3,'No',4001,'IC','Invest Cont',230,'ASSAULT WITH DEADLY WEAPON, AG',216,'SCISSORS',3),(200105289,'17:00:00','Phone','TRUE',425,114217,243941,'Alphonso','M',32,'Yes',6,'No',4112,'IC','Invest Cont',510,'VEHICLE - STOLEN',207,'OTHER KNIFE',3),(200105290,'11:00:00','Phone','TRUE',336,67617,1593149,'Rosanna','F',33,'Yes',4,'No',1025,'IC','Invest Cont',888,'TRESPASSING',501,'BOMB THREAT',3),(200105291,'18:00:00','Phone','TRUE',425,94818,2035445,'Rosanne','F',35,'Yes',2,'No',4112,'IC','Invest Cont',740,'VANDALISM - FELONY ($400 & OVE',200,'KNIFE WITH BLADE 6INCHES OR LE',3),(200105293,'11:50:00','Phone','TRUE',1001,39383,925163,'Mary','M',34,'No',0,'No',7100,'IC','Invest Cont',341,'THEFT-GRAND ($950.01 & OVER)EX',208,'RAZOR',3),(200105294,'12:00:00','In-Person','TRUE',371,777,485066,'Kieran','M',39,'No',0,'No',1025,'IC','Invest Cont',440,'THEFT PLAIN - PETTY ($950 & UN',102,'HAND GUN',3),(200105296,'11:40:00','Phone','FALSE',336,105203,1771320,'Jayme','F',36,'Yes',1,'No',7010,'IC','Invest Cont',341,'THEFT-GRAND ($950.01 & OVER)EX',208,'RAZOR',3),(200105297,'10:15:00','In-Person','TRUE',336,69574,1000038,'Bryon','M',37,'No',0,'No',1025,'IC','Invest Cont',624,'BATTERY - SIMPLE ASSAULT',500,'UNKNOWN WEAPON/OTHER WEAPON',3),(200105302,'18:30:00','In-Person','TRUE',223,35133,78682,'Armand','M',33,'Yes',1,'No',1031,'IC','Invest Cont',745,'VANDALISM - MISDEAMEANOR ($399',306,'ROCK/THROWN OBJECT',3),(200105303,'20:00:00','Phone','FALSE',425,88312,2047732,'Carlo','M',32,'Yes',2,'No',3250,'IC','Invest Cont',442,'SHOPLIFTING - PETTY THEFT ($95',400,'STRONG-ARM (HANDS, FIST, FEET ',3),(200105307,'18:00:00','Phone','FALSE',336,110351,2120501,'Addyson','F',36,'Yes',2,'No',2038,'IC','Invest Cont',755,'BOMB SCARE',301,'BELT FLAILING INSTRUMENT/CHAIN',3),(200105309,'20:50:00','Phone','FALSE',371,76378,864426,'Gideon','M',34,'No',0,'No',1026,'AA','Adult Arrest',230,'ASSAULT WITH DEADLY WEAPON, AG',216,'SCISSORS',3),(200105311,'20:50:00','In-Person','TRUE',336,50296,1426713,'Kory','M',33,'Yes',1,'No',7010,'AA','Adult Arrest',230,'ASSAULT WITH DEADLY WEAPON, AG',216,'SCISSORS',3),(200105312,'14:40:00','In-Person','FALSE',223,102839,1888382,'Stephany','F',31,'No',0,'No',1031,'IC','Invest Cont',437,'RESISTING ARREST',305,'FIXED OBJECT',3),(200105313,'02:45:00','Phone','TRUE',323,35144,2365156,'Mariam','F',30,'No',0,'No',4001,'IC','Invest Cont',330,'BURGLARY FROM VEHICLE',302,'BLUNT INSTRUMENT',3),(200105314,'21:00:00','Phone','FALSE',323,16117,2287830,'Truman','M',31,'Yes',1,'No',4001,'IC','Invest Cont',480,'BIKE - STOLEN',504,'DEMAND NOTE',3),(200105317,'19:40:00','In-Person','FALSE',336,120906,1081769,'Lilah','F',36,'Yes',6,'No',1026,'IC','Invest Cont',745,'VANDALISM - MISDEAMEANOR ($399',306,'ROCK/THROWN OBJECT',3),(200105318,'01:00:00','Phone','TRUE',425,25953,1971493,'Evie','F',32,'No',0,'No',3250,'AO','Adult Other',626,'INTIMATE PARTNER - SIMPLE ASSA',109,'SEMI-AUTOMATIC PISTOL',3),(200105319,'08:40:00','In-Person','FALSE',425,79986,369978,'Ayanna','F',37,'No',0,'No',3250,'IC','Invest Cont',230,'ASSAULT WITH DEADLY WEAPON, AG',216,'SCISSORS',3),(200105321,'21:00:00','In-Person','TRUE',322,42436,1513756,'Monty','M',31,'No',0,'No',4001,'IC','Invest Cont',420,'THEFT FROM MOTOR VEHICLE - PET',506,'FIRE',3),(200105328,'23:00:00','In-Person','FALSE',425,88789,769468,'Karyn','F',30,'Yes',6,'No',3250,'IC','Invest Cont',626,'INTIMATE PARTNER - SIMPLE ASSA',109,'SEMI-AUTOMATIC PISTOL',3),(200105331,'06:00:00','Phone','FALSE',425,23652,1253014,'Agustin','M',41,'Yes',6,'No',3250,'IC','Invest Cont',761,'BRANDISH WEAPON',307,'VEHICLE',3),(200105333,'11:30:00','Phone','FALSE',336,120806,1719108,'Ursula','F',35,'Yes',6,'No',2038,'AA','Adult Arrest',740,'VANDALISM - FELONY ($400 & OVE',200,'KNIFE WITH BLADE 6INCHES OR LE',3),(200105334,'09:50:00','Phone','FALSE',322,33419,966180,'Tyra','F',33,'Yes',6,'No',4001,'IC','Invest Cont',210,'ROBBERY',515,'PHYSICAL PRESENCE',3),(200105335,'10:17:00','In-Person','TRUE',261,11545,434220,'Kane','M',41,'Yes',2,'No',4001,'IC','Invest Cont',440,'THEFT PLAIN - PETTY ($950 & UN',102,'HAND GUN',3),(200105338,'12:00:00','Phone','FALSE',425,74347,1039085,'Sanford','M',37,'Yes',6,'No',1032,'IC','Invest Cont',331,'THEFT FROM MOTOR VEHICLE - GRA',312,'PIPE/METAL PIPE',3),(200105344,'16:00:00','Phone','FALSE',323,35060,255849,'Ward','M',39,'Yes',2,'No',4001,'IC','Invest Cont',624,'BATTERY - SIMPLE ASSAULT',500,'UNKNOWN WEAPON/OTHER WEAPON',3),(200105347,'22:05:00','Phone','TRUE',425,46599,1421128,'Cullen','M',34,'Yes',1,'No',3250,'IC','Invest Cont',753,'DISCHARGE FIREARMS/SHOTS FIRED',122,'HECKLER & KOCH 93 SEMIAUTOMATI',3),(200105350,'06:30:00','Phone','TRUE',323,41,1307405,'Queen','F',32,'Yes',6,'No',4001,'IC','Invest Cont',624,'BATTERY - SIMPLE ASSAULT',500,'UNKNOWN WEAPON/OTHER WEAPON',3),(200105351,'17:15:00','In-Person','FALSE',425,59824,1669607,'Marietta','F',35,'Yes',6,'No',1032,'IC','Invest Cont',624,'BATTERY - SIMPLE ASSAULT',500,'UNKNOWN WEAPON/OTHER WEAPON',3),(200105353,'10:00:00','In-Person','FALSE',1001,94902,2342094,'Bria','F',30,'Yes',6,'No',5100,'IC','Invest Cont',624,'BATTERY - SIMPLE ASSAULT',500,'UNKNOWN WEAPON/OTHER WEAPON',3),(200105354,'03:00:00','Phone','TRUE',322,78349,362405,'Maynard','M',39,'Yes',6,'No',4001,'IC','Invest Cont',440,'THEFT PLAIN - PETTY ($950 & UN',102,'HAND GUN',3),(200105357,'17:00:00','Phone','FALSE',323,79757,1260494,'Jannie','F',35,'No',0,'No',4011,'IC','Invest Cont',624,'BATTERY - SIMPLE ASSAULT',500,'UNKNOWN WEAPON/OTHER WEAPON',3),(200105359,'16:10:00','In-Person','FALSE',425,66746,1049559,'Gerry','M',40,'Yes',5,'No',1032,'AA','Adult Arrest',860,'BATTERY WITH SEXUAL CONTACT',201,'KNIFE WITH BLADE OVER 6 INCHES',3),(200105362,'21:20:00','In-Person','TRUE',425,109119,1861906,'Merle','F',40,'Yes',1,'No',1032,'IC','Invest Cont',220,'ATTEMPTED ROBBERY',219,'SCREWDRIVER',3),(200105363,'22:00:00','Phone','FALSE',371,2364,135551,'Renae','F',37,'No',0,'No',1026,'IC','Invest Cont',330,'BURGLARY FROM VEHICLE',302,'BLUNT INSTRUMENT',3),(200105367,'12:30:00','Phone','FALSE',425,106747,2147218,'Wendi','F',35,'No',0,'No',3250,'IC','Invest Cont',341,'THEFT-GRAND ($950.01 & OVER)EX',208,'RAZOR',3),(200105369,'15:10:00','Phone','FALSE',425,7632,519028,'Royal','M',31,'Yes',4,'No',1033,'IC','Invest Cont',946,'OTHER MISCELLANEOUS CRIME',204,'FOLDING KNIFE',3),(200105370,'17:00:00','Phone','TRUE',261,85011,875747,'Fletcher','M',31,'No',0,'No',4001,'IC','Invest Cont',310,'BURGLARY',113,'SIMULATED GUN',3),(200105371,'18:35:00','Phone','TRUE',425,77512,2153785,'Odell','M',39,'No',0,'No',4112,'IC','Invest Cont',442,'SHOPLIFTING - PETTY THEFT ($95',400,'STRONG-ARM (HANDS, FIST, FEET ',3),(200105373,'04:30:00','In-Person','TRUE',336,73747,1287315,'Kaelyn','F',31,'No',0,'No',7010,'IC','Invest Cont',341,'THEFT-GRAND ($950.01 & OVER)EX',208,'RAZOR',3),(200105375,'03:00:00','In-Person','FALSE',425,122167,912495,'Jordon','M',35,'No',0,'No',3250,'IC','Invest Cont',210,'ROBBERY',515,'PHYSICAL PRESENCE',3),(200105384,'10:40:00','Phone','FALSE',371,31018,2305707,'Kiersten','F',36,'No',0,'No',3246,'IC','Invest Cont',341,'THEFT-GRAND ($950.01 & OVER)EX',208,'RAZOR',3),(200105386,'18:35:00','Phone','TRUE',425,105888,699734,'Deon','M',34,'No',0,'No',4112,'IC','Invest Cont',440,'THEFT PLAIN - PETTY ($950 & UN',102,'HAND GUN',3),(200105388,'19:15:00','Phone','FALSE',1001,96698,1592388,'Annabel','F',40,'Yes',1,'No',5555,'IC','Invest Cont',330,'BURGLARY FROM VEHICLE',302,'BLUNT INSTRUMENT',3),(200105393,'19:00:00','Phone','FALSE',336,26494,1858234,'Joelle','F',31,'Yes',2,'No',2038,'IC','Invest Cont',330,'BURGLARY FROM VEHICLE',302,'BLUNT INSTRUMENT',3),(200105399,'11:50:00','Phone','TRUE',371,27427,1406061,'Chelsie','F',32,'No',0,'No',4004,'AA','Adult Arrest',860,'BATTERY WITH SEXUAL CONTACT',201,'KNIFE WITH BLADE OVER 6 INCHES',3),(200105400,'11:45:00','Phone','TRUE',336,45767,1975298,'Leeann','F',37,'No',0,'No',1026,'IC','Invest Cont',860,'BATTERY WITH SEXUAL CONTACT',201,'KNIFE WITH BLADE OVER 6 INCHES',3),(200105401,'13:50:00','Phone','FALSE',425,7007,1997354,'Lourdes','F',36,'Yes',5,'No',3250,'AA','Adult Arrest',860,'BATTERY WITH SEXUAL CONTACT',201,'KNIFE WITH BLADE OVER 6 INCHES',3),(200105402,'12:20:00','In-Person','TRUE',425,37477,1815894,'Amira','F',34,'Yes',1,'No',3250,'AA','Adult Arrest',860,'BATTERY WITH SEXUAL CONTACT',201,'KNIFE WITH BLADE OVER 6 INCHES',3),(200105403,'23:00:00','Phone','TRUE',371,4311,1307278,'Kirby','M',37,'Yes',7,'No',1026,'IC','Invest Cont',350,'THEFT, PERSON',221,'GLASS',3),(200105404,'06:55:00','Phone','FALSE',323,45120,47408,'Noel','F',34,'No',0,'No',4001,'IC','Invest Cont',761,'BRANDISH WEAPON',307,'VEHICLE',3),(200105406,'09:50:00','Phone','FALSE',425,12961,797583,'Mohammad','M',31,'Yes',2,'No',4112,'IC','Invest Cont',753,'DISCHARGE FIREARMS/SHOTS FIRED',122,'HECKLER & KOCH 93 SEMIAUTOMATI',3),(200105407,'13:00:00','Phone','TRUE',425,18814,2271588,'Corine','F',33,'No',0,'No',1033,'IC','Invest Cont',480,'BIKE - STOLEN',504,'DEMAND NOTE',3),(200105409,'14:10:00','Phone','FALSE',425,69478,235669,'Isabell','F',34,'Yes',1,'No',3250,'AA','Adult Arrest',210,'ROBBERY',515,'PHYSICAL PRESENCE',3),(200105413,'11:00:00','Phone','TRUE',261,66517,442068,'Hollis','M',36,'Yes',4,'No',1023,'IC','Invest Cont',624,'BATTERY - SIMPLE ASSAULT',500,'UNKNOWN WEAPON/OTHER WEAPON',3),(200105414,'16:00:00','Phone','FALSE',371,15112,2123638,'Madelynn','F',32,'No',0,'No',2038,'IC','Invest Cont',510,'VEHICLE - STOLEN',207,'OTHER KNIFE',3),(200105419,'12:30:00','Phone','TRUE',323,91784,1799689,'Vito','M',41,'Yes',6,'No',4001,'IC','Invest Cont',910,'KIDNAPPING',308,'STICK',3),(200105420,'14:20:00','Phone','FALSE',425,73933,774147,'Kaila','F',36,'Yes',2,'No',1033,'IC','Invest Cont',420,'THEFT FROM MOTOR VEHICLE - PET',506,'FIRE',3),(200105422,'22:00:00','Phone','TRUE',425,17759,1891436,'Princess','F',33,'Yes',1,'No',3250,'IC','Invest Cont',210,'ROBBERY',515,'PHYSICAL PRESENCE',3),(200105424,'01:00:00','In-Person','TRUE',425,46839,745363,'Halle','F',37,'No',0,'No',4112,'IC','Invest Cont',330,'BURGLARY FROM VEHICLE',302,'BLUNT INSTRUMENT',3),(200105425,'05:00:00','Phone','TRUE',425,42113,430283,'Felicity','F',33,'Yes',1,'No',1033,'IC','Invest Cont',440,'THEFT PLAIN - PETTY ($950 & UN',102,'HAND GUN',3),(200105426,'15:55:00','In-Person','TRUE',425,33322,1124430,'Donnell','M',40,'No',0,'No',1033,'IC','Invest Cont',624,'BATTERY - SIMPLE ASSAULT',500,'UNKNOWN WEAPON/OTHER WEAPON',3),(200105427,'21:30:00','In-Person','TRUE',322,88549,2170739,'Kris','M',40,'Yes',4,'No',4001,'IC','Invest Cont',624,'BATTERY - SIMPLE ASSAULT',500,'UNKNOWN WEAPON/OTHER WEAPON',3),(200105428,'15:00:00','Phone','FALSE',425,2006,905855,'Gunnar','M',31,'No',0,'No',4112,'IC','Invest Cont',440,'THEFT PLAIN - PETTY ($950 & UN',102,'HAND GUN',3),(200105429,'15:00:00','Phone','FALSE',1001,51053,1996836,'Brayan','M',39,'No',0,'No',5100,'IC','Invest Cont',440,'THEFT PLAIN - PETTY ($950 & UN',102,'HAND GUN',3),(200105430,'01:00:00','Phone','TRUE',371,14770,995526,'Aline','F',37,'No',0,'No',2038,'IC','Invest Cont',440,'THEFT PLAIN - PETTY ($950 & UN',102,'HAND GUN',3),(200105431,'15:27:00','Phone','TRUE',371,116209,2053532,'Amari','F',31,'No',0,'No',2038,'IC','Invest Cont',343,'SHOPLIFTING-GRAND THEFT ($950.',116,'ANTIQUE FIREARM',3),(200105432,'09:00:00','Phone','TRUE',425,30014,1355615,'Karson','M',37,'Yes',1,'No',1033,'IC','Invest Cont',420,'THEFT FROM MOTOR VEHICLE - PET',506,'FIRE',3),(200105433,'23:43:00','Phone','TRUE',425,41105,315694,'Ronny','M',34,'Yes',3,'No',3250,'IC','Invest Cont',626,'INTIMATE PARTNER - SIMPLE ASSA',109,'SEMI-AUTOMATIC PISTOL',3),(200105449,'19:25:00','Phone','FALSE',336,111999,616080,'Sheree','F',30,'No',0,'No',2038,'IC','Invest Cont',900,'VIOLATION OF COURT ORDER',223,'UNKNOWN TYPE CUTTING INSTRUMEN',3),(200105450,'23:00:00','In-Person','FALSE',1001,116461,892706,'Muhammad','M',33,'Yes',5,'No',5555,'IC','Invest Cont',330,'BURGLARY FROM VEHICLE',302,'BLUNT INSTRUMENT',3),(200105454,'01:00:00','Phone','TRUE',261,101986,1094834,'Tamera','F',31,'No',0,'No',4001,'IC','Invest Cont',740,'VANDALISM - FELONY ($400 & OVE',200,'KNIFE WITH BLADE 6INCHES OR LE',3),(200105459,'20:00:00','In-Person','FALSE',371,111160,1602668,'Maia','F',31,'Yes',1,'No',2038,'AA','Adult Arrest',331,'THEFT FROM MOTOR VEHICLE - GRA',312,'PIPE/METAL PIPE',3),(200105475,'08:30:00','Phone','FALSE',322,79362,419324,'Remington','M',36,'No',0,'No',4001,'IC','Invest Cont',624,'BATTERY - SIMPLE ASSAULT',500,'UNKNOWN WEAPON/OTHER WEAPON',3),(200105476,'20:09:00','Phone','TRUE',371,120353,1166733,'Margot','F',34,'Yes',5,'No',1026,'IC','Invest Cont',624,'BATTERY - SIMPLE ASSAULT',500,'UNKNOWN WEAPON/OTHER WEAPON',3),(200105477,'11:08:00','In-Person','FALSE',223,21389,1314870,'Ezequiel','M',31,'Yes',3,'No',4444,'IC','Invest Cont',624,'BATTERY - SIMPLE ASSAULT',500,'UNKNOWN WEAPON/OTHER WEAPON',3),(200105480,'14:30:00','Phone','FALSE',425,56937,375740,'Jena','F',37,'No',0,'No',1033,'IC','Invest Cont',330,'BURGLARY FROM VEHICLE',302,'BLUNT INSTRUMENT',3),(200105481,'17:55:00','Phone','FALSE',1001,58804,2252242,'Nita','F',34,'No',0,'No',5100,'AO','Adult Other',623,'BATTERY POLICE (SIMPLE)',215,'MACHETE',3),(200105482,'21:00:00','In-Person','TRUE',371,24966,2310283,'Stacey','M',39,'No',0,'No',1029,'IC','Invest Cont',330,'BURGLARY FROM VEHICLE',302,'BLUNT INSTRUMENT',3),(200105483,'10:00:00','Phone','FALSE',336,93152,112194,'Amara','F',32,'No',0,'No',2038,'AA','Adult Arrest',420,'THEFT FROM MOTOR VEHICLE - PET',506,'FIRE',3),(200105485,'20:00:00','In-Person','FALSE',261,103369,1687417,'Rowan','F',37,'Yes',3,'No',3249,'IC','Invest Cont',420,'THEFT FROM MOTOR VEHICLE - PET',506,'FIRE',3),(200105486,'12:00:00','Phone','FALSE',371,58439,1770018,'Elle','F',35,'Yes',4,'No',1026,'IC','Invest Cont',341,'THEFT-GRAND ($950.01 & OVER)EX',208,'RAZOR',3),(200105489,'20:10:00','In-Person','TRUE',1001,14755,957131,'Camron','M',36,'No',0,'No',5100,'IC','Invest Cont',930,'CRIMINAL THREATS - NO WEAPON D',212,'BOTTLE',3),(200105490,'18:10:00','Phone','FALSE',336,33202,1118259,'Bailee','F',31,'No',0,'No',2038,'IC','Invest Cont',210,'ROBBERY',515,'PHYSICAL PRESENCE',3),(200105493,'00:15:00','In-Person','FALSE',322,39428,1031124,'Concetta','F',35,'No',0,'No',4001,'AO','Adult Other',740,'VANDALISM - FELONY ($400 & OVE',200,'KNIFE WITH BLADE 6INCHES OR LE',3),(200105496,'19:50:00','In-Person','TRUE',322,66128,10248,'Hester','F',41,'No',0,'No',4001,'IC','Invest Cont',210,'ROBBERY',515,'PHYSICAL PRESENCE',3),(200105499,'05:00:00','Phone','FALSE',371,38517,1300349,'Tammi','F',35,'No',0,'No',1026,'AA','Adult Arrest',230,'ASSAULT WITH DEADLY WEAPON, AG',216,'SCISSORS',3),(200105507,'10:15:00','Phone','TRUE',425,57217,1861728,'Nigel','M',35,'No',0,'No',1033,'AA','Adult Arrest',762,'LEWD CONDUCT',309,'BOARD',3),(200105512,'23:35:00','In-Person','FALSE',1001,28956,1580034,'Earlene','F',33,'Yes',7,'No',7100,'AA','Adult Arrest',951,'DEFRAUDING INNKEEPER/THEFT OF',502,'BOW AND ARROW',3),(200105513,'19:02:00','Phone','TRUE',261,101567,2325596,'Isaias','M',33,'Yes',4,'No',1023,'IC','Invest Cont',442,'SHOPLIFTING - PETTY THEFT ($95',400,'STRONG-ARM (HANDS, FIST, FEET ',3),(200105517,'14:00:00','In-Person','FALSE',371,27827,785502,'Haven','F',36,'No',0,'No',1026,'IC','Invest Cont',510,'VEHICLE - STOLEN',207,'OTHER KNIFE',3),(200105519,'17:00:00','Phone','TRUE',322,20567,1238820,'Arya','F',40,'No',0,'No',4001,'IC','Invest Cont',420,'THEFT FROM MOTOR VEHICLE - PET',506,'FIRE',3),(200105521,'01:45:00','Phone','FALSE',1001,42481,1598634,'Lesly','F',41,'No',0,'No',5100,'IC','Invest Cont',888,'TRESPASSING',501,'BOMB THREAT',3),(200105522,'15:30:00','Phone','FALSE',322,5838,2223518,'Janessa','F',37,'No',0,'No',4001,'IC','Invest Cont',330,'BURGLARY FROM VEHICLE',302,'BLUNT INSTRUMENT',3),(200105525,'20:26:00','Phone','FALSE',371,106410,262427,'Kourtney','F',33,'Yes',4,'No',2038,'IC','Invest Cont',442,'SHOPLIFTING - PETTY THEFT ($95',400,'STRONG-ARM (HANDS, FIST, FEET ',3),(200105528,'14:00:00','In-Person','TRUE',425,57031,1806401,'Thea','F',39,'No',0,'No',3251,'IC','Invest Cont',480,'BIKE - STOLEN',504,'DEMAND NOTE',3),(200105529,'23:30:00','Phone','FALSE',371,121522,1336192,'Domingo','M',32,'No',0,'No',2038,'IC','Invest Cont',330,'BURGLARY FROM VEHICLE',302,'BLUNT INSTRUMENT',3),(200105531,'07:15:00','In-Person','FALSE',371,107260,1220709,'Weldon','M',36,'No',0,'No',1026,'IC','Invest Cont',624,'BATTERY - SIMPLE ASSAULT',500,'UNKNOWN WEAPON/OTHER WEAPON',3),(200105535,'11:00:00','Phone','FALSE',223,111457,1986072,'Devan','M',36,'No',0,'No',2039,'IC','Invest Cont',440,'THEFT PLAIN - PETTY ($950 & UN',102,'HAND GUN',3),(200105538,'12:55:00','Phone','FALSE',425,44949,2295174,'Lorelei','F',36,'Yes',1,'No',1033,'IC','Invest Cont',910,'KIDNAPPING',308,'STICK',3),(200105540,'07:50:00','Phone','FALSE',371,100841,571130,'Estrella','F',32,'Yes',7,'No',1026,'IC','Invest Cont',860,'BATTERY WITH SEXUAL CONTACT',201,'KNIFE WITH BLADE OVER 6 INCHES',3),(200105547,'11:40:00','Phone','FALSE',1001,79989,906576,'Kaye','F',31,'No',0,'No',5100,'IC','Invest Cont',946,'OTHER MISCELLANEOUS CRIME',204,'FOLDING KNIFE',3),(200105548,'21:20:00','Phone','FALSE',323,88033,139917,'Haleigh','F',32,'No',0,'No',4001,'IC','Invest Cont',330,'BURGLARY FROM VEHICLE',302,'BLUNT INSTRUMENT',3),(200105549,'11:00:00','Phone','TRUE',425,63325,971579,'Maryanne','F',34,'No',0,'No',1033,'IC','Invest Cont',310,'BURGLARY',113,'SIMULATED GUN',3),(200105550,'11:45:00','Phone','TRUE',336,108767,1413410,'Tianna','F',35,'Yes',3,'No',1026,'IC','Invest Cont',624,'BATTERY - SIMPLE ASSAULT',500,'UNKNOWN WEAPON/OTHER WEAPON',3),(200105553,'08:00:00','Phone','FALSE',223,62509,502414,'Scot','M',40,'Yes',3,'No',2039,'IC','Invest Cont',740,'VANDALISM - FELONY ($400 & OVE',200,'KNIFE WITH BLADE 6INCHES OR LE',3),(200105554,'01:00:00','Phone','TRUE',425,90976,773075,'Petra','F',32,'No',0,'No',1033,'IC','Invest Cont',310,'BURGLARY',113,'SIMULATED GUN',3),(200105556,'15:40:00','In-Person','FALSE',1001,40576,1017952,'Lakeisha','F',41,'Yes',3,'No',5100,'IC','Invest Cont',624,'BATTERY - SIMPLE ASSAULT',500,'UNKNOWN WEAPON/OTHER WEAPON',3),(200105558,'11:45:00','Phone','FALSE',1001,92958,2245423,'Benito','M',30,'Yes',6,'No',5100,'IC','Invest Cont',350,'THEFT, PERSON',221,'GLASS',3),(200105564,'23:00:00','Phone','FALSE',261,35578,353795,'Garret','M',31,'Yes',3,'No',4001,'IC','Invest Cont',330,'BURGLARY FROM VEHICLE',302,'BLUNT INSTRUMENT',3),(200105570,'20:30:00','Phone','FALSE',1001,92559,1832459,'Deena','F',37,'Yes',1,'No',5100,'IC','Invest Cont',331,'THEFT FROM MOTOR VEHICLE - GRA',312,'PIPE/METAL PIPE',3),(200105571,'08:00:00','Phone','FALSE',425,38547,1709620,'Mitchel','M',33,'No',0,'No',1033,'IC','Invest Cont',440,'THEFT PLAIN - PETTY ($950 & UN',102,'HAND GUN',3),(200105574,'12:21:00','Phone','TRUE',425,50973,353880,'Trista','F',41,'Yes',7,'No',3251,'IC','Invest Cont',343,'SHOPLIFTING-GRAND THEFT ($950.',116,'ANTIQUE FIREARM',3),(200105575,'15:10:00','Phone','FALSE',223,86300,104653,'Hiram','M',36,'No',0,'No',2039,'IC','Invest Cont',910,'KIDNAPPING',308,'STICK',3),(200105577,'09:30:00','Phone','TRUE',371,3583,1218163,'Moshe','M',39,'No',0,'No',1026,'IC','Invest Cont',624,'BATTERY - SIMPLE ASSAULT',500,'UNKNOWN WEAPON/OTHER WEAPON',3),(200105578,'17:30:00','In-Person','TRUE',223,27817,1043946,'Aleah','F',39,'Yes',4,'No',2039,'IC','Invest Cont',310,'BURGLARY',113,'SIMULATED GUN',3),(200105581,'00:25:00','Phone','FALSE',1001,96626,1070844,'Osvaldo','M',40,'Yes',2,'No',5100,'IC','Invest Cont',210,'ROBBERY',515,'PHYSICAL PRESENCE',3),(200105583,'17:15:00','Phone','TRUE',425,32468,1947829,'Benita','F',33,'No',0,'No',1033,'IC','Invest Cont',350,'THEFT, PERSON',221,'GLASS',3),(200105585,'22:30:00','In-Person','TRUE',1001,56657,996637,'Adrianne','F',35,'No',0,'No',5100,'IC','Invest Cont',330,'BURGLARY FROM VEHICLE',302,'BLUNT INSTRUMENT',3),(200105586,'16:10:00','Phone','TRUE',223,45337,364245,'Edythe','F',34,'No',0,'No',2039,'IC','Invest Cont',624,'BATTERY - SIMPLE ASSAULT',500,'UNKNOWN WEAPON/OTHER WEAPON',3),(200105591,'00:45:00','Phone','TRUE',223,9515,2368880,'Zelda','F',35,'No',0,'No',2039,'IC','Invest Cont',626,'INTIMATE PARTNER - SIMPLE ASSA',109,'SEMI-AUTOMATIC PISTOL',3),(200105592,'03:45:00','Phone','FALSE',336,91036,653730,'Alena','F',35,'Yes',1,'No',1026,'IC','Invest Cont',330,'BURGLARY FROM VEHICLE',302,'BLUNT INSTRUMENT',3),(200105596,'10:00:00','In-Person','TRUE',371,30318,1571143,'Trevon','M',33,'Yes',6,'No',1026,'IC','Invest Cont',740,'VANDALISM - FELONY ($400 & OVE',200,'KNIFE WITH BLADE 6INCHES OR LE',3),(200105599,'20:50:00','Phone','TRUE',425,98004,1570846,'Melany','F',36,'Yes',2,'No',1033,'IC','Invest Cont',626,'INTIMATE PARTNER - SIMPLE ASSA',109,'SEMI-AUTOMATIC PISTOL',3),(200105601,'20:30:00','Phone','FALSE',371,27659,1004776,'Tamra','F',35,'Yes',3,'No',3246,'AO','Adult Other',625,'OTHER ASSAULT',104,'SHOTGUN',3),(200105602,'01:00:00','Phone','FALSE',425,73522,1067952,'Nataly','F',41,'No',0,'No',3251,'IC','Invest Cont',626,'INTIMATE PARTNER - SIMPLE ASSA',109,'SEMI-AUTOMATIC PISTOL',3),(200105604,'06:30:00','Phone','TRUE',425,97883,290499,'Demarcus','M',33,'Yes',6,'No',3251,'AO','Adult Other',440,'THEFT PLAIN - PETTY ($950 & UN',102,'HAND GUN',3),(200105608,'08:45:00','Phone','TRUE',990,113532,1964352,'Bertie','F',36,'No',0,'No',1024,'IC','Invest Cont',860,'BATTERY WITH SEXUAL CONTACT',201,'KNIFE WITH BLADE OVER 6 INCHES',3),(200105609,'08:45:00','Phone','FALSE',425,61661,1698211,'Jaden','F',36,'Yes',5,'No',1033,'IC','Invest Cont',860,'BATTERY WITH SEXUAL CONTACT',201,'KNIFE WITH BLADE OVER 6 INCHES',3),(200105610,'08:00:00','In-Person','FALSE',223,11671,1619691,'Journey','F',39,'Yes',1,'No',2039,'IC','Invest Cont',230,'ASSAULT WITH DEADLY WEAPON, AG',216,'SCISSORS',3),(200105612,'10:15:00','Phone','FALSE',323,81248,1889955,'Aurelia','F',34,'Yes',6,'No',4001,'IC','Invest Cont',624,'BATTERY - SIMPLE ASSAULT',500,'UNKNOWN WEAPON/OTHER WEAPON',3),(200105619,'13:00:00','Phone','TRUE',425,60661,2282713,'Thalia','F',31,'No',0,'No',3251,'IC','Invest Cont',745,'VANDALISM - MISDEAMEANOR ($399',306,'ROCK/THROWN OBJECT',3),(200105626,'19:00:00','Phone','TRUE',371,6887,1548822,'Bridgett','F',40,'Yes',1,'No',1026,'IC','Invest Cont',351,'PURSE SNATCHING',217,'SWORD',3),(200105628,'20:00:00','Phone','TRUE',425,37365,946814,'Josefina','F',40,'Yes',2,'No',1033,'IC','Invest Cont',220,'ATTEMPTED ROBBERY',219,'SCREWDRIVER',3),(200105630,'14:55:00','Phone','FALSE',1001,15022,1632,'Tameka','F',40,'Yes',1,'Yes',5100,'AA','Adult Arrest',745,'VANDALISM - MISDEAMEANOR ($399',306,'ROCK/THROWN OBJECT',3),(200105632,'08:05:00','Phone','FALSE',223,35924,1357858,'Rocio','F',31,'Yes',6,'No',2039,'IC','Invest Cont',860,'BATTERY WITH SEXUAL CONTACT',201,'KNIFE WITH BLADE OVER 6 INCHES',3),(200105634,'15:00:00','Phone','FALSE',223,13264,1961656,'Annabella','F',34,'Yes',6,'Yes',2039,'IC','Invest Cont',480,'BIKE - STOLEN',504,'DEMAND NOTE',3),(200105635,'09:00:00','In-Person','FALSE',223,8484,1027589,'David','F',34,'Yes',6,'Yes',2039,'AA','Adult Arrest',440,'THEFT PLAIN - PETTY ($950 & UN',102,'HAND GUN',3),(200105637,'11:45:00','In-Person','FALSE',893,51617,2110120,'Adriel','M',34,'Yes',6,'Yes',5245,'IC','Invest Cont',440,'THEFT PLAIN - PETTY ($950 & UN',102,'HAND GUN',3),(200105655,'19:00:00','Phone','TRUE',425,41615,256945,'Elliana','F',40,'Yes',1,'No',1033,'IC','Invest Cont',740,'VANDALISM - FELONY ($400 & OVE',200,'KNIFE WITH BLADE 6INCHES OR LE',3),(200105656,'16:10:00','In-Person','TRUE',1001,107640,170534,'Georgette','F',33,'Yes',6,'No',5555,'IC','Invest Cont',341,'THEFT-GRAND ($950.01 & OVER)EX',208,'RAZOR',3),(200105657,'19:00:00','Phone','FALSE',1001,89565,11452,'Desirae','F',30,'Yes',5,'No',5100,'IC','Invest Cont',330,'BURGLARY FROM VEHICLE',302,'BLUNT INSTRUMENT',3),(200105661,'18:45:00','Phone','TRUE',322,41718,816914,'Catharine','F',32,'Yes',1,'Yes',4001,'AO','Adult Other',341,'THEFT-GRAND ($950.01 & OVER)EX',208,'RAZOR',3),(200105662,'17:45:00','Phone','FALSE',371,14422,2348276,'Messiah','M',32,'Yes',6,'No',7010,'IC','Invest Cont',230,'ASSAULT WITH DEADLY WEAPON, AG',216,'SCISSORS',3),(200105663,'22:15:00','Phone','TRUE',1001,3710,1856554,'Marci','F',32,'Yes',1,'No',5100,'IC','Invest Cont',330,'BURGLARY FROM VEHICLE',302,'BLUNT INSTRUMENT',3),(200105664,'03:00:00','In-Person','TRUE',223,88984,2010758,'Maricela','F',30,'Yes',6,'Yes',2039,'IC','Invest Cont',626,'INTIMATE PARTNER - SIMPLE ASSA',109,'SEMI-AUTOMATIC PISTOL',3),(200105665,'21:30:00','Phone','FALSE',336,50269,293585,'Addison','M',33,'Yes',6,'Yes',1026,'AA','Adult Arrest',330,'BURGLARY FROM VEHICLE',302,'BLUNT INSTRUMENT',3),(200105666,'14:00:00','Phone','FALSE',223,48578,795237,'Rebeca','F',32,'Yes',2,'Yes',2039,'IC','Invest Cont',480,'BIKE - STOLEN',504,'DEMAND NOTE',3),(200105669,'21:00:00','Phone','FALSE',261,118341,1161904,'Aubrie','F',33,'Yes',3,'Yes',3249,'IC','Invest Cont',330,'BURGLARY FROM VEHICLE',302,'BLUNT INSTRUMENT',3),(200105670,'02:00:00','In-Person','TRUE',323,59382,426257,'Laverne','M',40,'Yes',6,'No',4001,'IC','Invest Cont',761,'BRANDISH WEAPON',307,'VEHICLE',3),(200105671,'01:00:00','Phone','FALSE',336,79036,633846,'Kailyn','F',31,'Yes',6,'Yes',1026,'IC','Invest Cont',821,'SODOMY/SEXUAL CONTACT B/W PENI',210,'RAZOR BLADE',3),(200105672,'20:00:00','Phone','FALSE',261,55662,989982,'Carey','F',32,'Yes',6,'No',4001,'IC','Invest Cont',510,'VEHICLE - STOLEN',207,'OTHER KNIFE',3),(200105674,'07:00:00','Phone','TRUE',425,35357,2197468,'Augustine','M',36,'Yes',6,'No',3251,'IC','Invest Cont',341,'THEFT-GRAND ($950.01 & OVER)EX',208,'RAZOR',3),(200105675,'04:45:00','In-Person','FALSE',223,57485,1506807,'Cari','F',37,'Yes',6,'No',2039,'IC','Invest Cont',210,'ROBBERY',515,'PHYSICAL PRESENCE',3),(200105685,'21:00:00','Phone','FALSE',261,58438,2078543,'Louella','F',32,'Yes',6,'No',4001,'IC','Invest Cont',330,'BURGLARY FROM VEHICLE',302,'BLUNT INSTRUMENT',3),(200105686,'12:00:00','Phone','TRUE',887,103073,2083162,'Scarlet','F',32,'Yes',4,'No',4002,'IC','Invest Cont',440,'THEFT PLAIN - PETTY ($950 & UN',102,'HAND GUN',3),(200105687,'20:45:00','Phone','FALSE',887,94566,254953,'Kolton','M',32,'Yes',6,'Yes',4002,'IC','Invest Cont',310,'BURGLARY',113,'SIMULATED GUN',3),(200105688,'19:30:00','Phone','TRUE',323,122945,1243031,'Mitzi','F',33,'Yes',6,'No',4001,'IC','Invest Cont',910,'KIDNAPPING',308,'STICK',3),(200105690,'17:30:00','In-Person','TRUE',371,97043,825922,'Amiyah','F',33,'Yes',6,'No',1026,'IC','Invest Cont',310,'BURGLARY',113,'SIMULATED GUN',3),(200105692,'07:30:00','Phone','FALSE',336,88629,331705,'Gena','F',31,'No',0,'No',1026,'IC','Invest Cont',762,'LEWD CONDUCT',309,'BOARD',3),(200105693,'15:00:00','Phone','FALSE',1001,108721,2352141,'Maud','F',31,'Yes',5,'No',5100,'AA','Adult Arrest',330,'BURGLARY FROM VEHICLE',302,'BLUNT INSTRUMENT',3),(200105695,'16:10:00','Phone','FALSE',223,115295,1349612,'Brittani','F',32,'No',0,'No',2039,'IC','Invest Cont',442,'SHOPLIFTING - PETTY THEFT ($95',400,'STRONG-ARM (HANDS, FIST, FEET ',3),(200105697,'11:00:00','Phone','TRUE',425,123398,1572655,'Carmine','M',34,'No',0,'Yes',1033,'IC','Invest Cont',442,'SHOPLIFTING - PETTY THEFT ($95',400,'STRONG-ARM (HANDS, FIST, FEET ',3),(200105699,'14:30:00','Phone','TRUE',223,118388,1266925,'Maryellen','F',32,'No',0,'Yes',1031,'IC','Invest Cont',442,'SHOPLIFTING - PETTY THEFT ($95',400,'STRONG-ARM (HANDS, FIST, FEET ',3),(200105700,'19:00:00','In-Person','FALSE',893,43226,1747328,'Amalia','F',41,'Yes',5,'Yes',4002,'IC','Invest Cont',510,'VEHICLE - STOLEN',207,'OTHER KNIFE',3),(200105701,'12:50:00','Phone','FALSE',371,44019,999705,'Seymour','M',37,'Yes',3,'No',1026,'IC','Invest Cont',210,'ROBBERY',515,'PHYSICAL PRESENCE',3),(200105705,'16:30:00','Phone','TRUE',893,94133,1992840,'Gussie','F',34,'Yes',3,'No',4002,'IC','Invest Cont',210,'ROBBERY',515,'PHYSICAL PRESENCE',3),(200105706,'14:00:00','In-Person','TRUE',371,120104,1402628,'Marylou','F',41,'Yes',6,'No',1026,'IC','Invest Cont',440,'THEFT PLAIN - PETTY ($950 & UN',102,'HAND GUN',3),(200105707,'17:30:00','Phone','TRUE',223,59784,2064917,'Iker','M',33,'No',0,'Yes',1111,'IC','Invest Cont',745,'VANDALISM - MISDEAMEANOR ($399',306,'ROCK/THROWN OBJECT',3),(200105708,'20:00:00','Phone','TRUE',1001,54163,2174231,'Jesse','F',36,'Yes',5,'No',5555,'IC','Invest Cont',740,'VANDALISM - FELONY ($400 & OVE',200,'KNIFE WITH BLADE 6INCHES OR LE',3),(200105709,'10:40:00','In-Person','FALSE',223,109005,2244272,'Maryjane','F',31,'No',0,'Yes',2039,'IC','Invest Cont',341,'THEFT-GRAND ($950.01 & OVER)EX',208,'RAZOR',3),(200105710,'01:00:00','In-Person','FALSE',1001,112767,2258154,'Sharlene','F',39,'Yes',5,'No',5100,'IC','Invest Cont',330,'BURGLARY FROM VEHICLE',302,'BLUNT INSTRUMENT',3),(200105713,'22:30:00','Phone','TRUE',425,33629,1298250,'Lakisha','F',40,'No',0,'Yes',1033,'IC','Invest Cont',330,'BURGLARY FROM VEHICLE',302,'BLUNT INSTRUMENT',3),(200105714,'09:00:00','In-Person','FALSE',371,6635,2274361,'Loren','F',35,'Yes',1,'Yes',1026,'IC','Invest Cont',740,'VANDALISM - FELONY ($400 & OVE',200,'KNIFE WITH BLADE 6INCHES OR LE',3),(200105715,'21:14:00','Phone','TRUE',371,9905,1788971,'Davon','M',30,'No',0,'No',1026,'IC','Invest Cont',210,'ROBBERY',515,'PHYSICAL PRESENCE',3),(200105716,'20:30:00','Phone','FALSE',1001,31296,1792042,'Archer','M',31,'Yes',6,'No',5100,'IC','Invest Cont',522,'VEHICLE - MOTORIZED SCOOTERS, ',510,'SCALDING LIQUID',3),(200105718,'20:40:00','In-Person','FALSE',1001,12151,379210,'Dara','F',36,'Yes',7,'Yes',5100,'IC','Invest Cont',237,'CHILD NEGLECT (SEE 300 W.I.C.)',203,'DIRK/DAGGER',3),(200105720,'17:00:00','Phone','TRUE',322,16913,948495,'Dylan','F',36,'No',0,'Yes',1023,'IC','Invest Cont',624,'BATTERY - SIMPLE ASSAULT',500,'UNKNOWN WEAPON/OTHER WEAPON',3),(200105721,'01:00:00','In-Person','TRUE',425,23202,1053134,'Liberty','F',31,'Yes',2,'No',3251,'IC','Invest Cont',230,'ASSAULT WITH DEADLY WEAPON, AG',216,'SCISSORS',3),(200105723,'18:20:00','Phone','FALSE',425,100799,1996951,'Jaelyn','F',32,'Yes',3,'No',1033,'IC','Invest Cont',624,'BATTERY - SIMPLE ASSAULT',500,'UNKNOWN WEAPON/OTHER WEAPON',3),(200105724,'03:45:00','In-Person','TRUE',371,25943,1383672,'Donny','M',31,'No',0,'Yes',7010,'IC','Invest Cont',761,'BRANDISH WEAPON',307,'VEHICLE',3),(200105725,'01:25:00','Phone','TRUE',425,26063,193453,'Yasmine','F',35,'No',0,'No',1033,'IC','Invest Cont',624,'BATTERY - SIMPLE ASSAULT',500,'UNKNOWN WEAPON/OTHER WEAPON',3),(200105726,'01:25:00','In-Person','FALSE',1001,36439,393595,'Keely','F',35,'No',0,'Yes',5100,'IC','Invest Cont',624,'BATTERY - SIMPLE ASSAULT',500,'UNKNOWN WEAPON/OTHER WEAPON',3),(200105727,'01:25:00','Phone','TRUE',425,4670,1126680,'Lawson','M',40,'No',0,'No',1033,'IC','Invest Cont',624,'BATTERY - SIMPLE ASSAULT',500,'UNKNOWN WEAPON/OTHER WEAPON',3),(200105728,'01:25:00','Phone','TRUE',1001,46540,809971,'Kacie','F',37,'No',0,'Yes',5100,'IC','Invest Cont',624,'BATTERY - SIMPLE ASSAULT',500,'UNKNOWN WEAPON/OTHER WEAPON',3),(200105730,'19:00:00','Phone','FALSE',223,77941,1364709,'Maeve','F',36,'No',0,'Yes',2039,'IC','Invest Cont',510,'VEHICLE - STOLEN',207,'OTHER KNIFE',3),(200105731,'02:15:00','Phone','FALSE',223,52103,1739049,'Yadira','F',39,'Yes',4,'Yes',2039,'IC','Invest Cont',440,'THEFT PLAIN - PETTY ($950 & UN',102,'HAND GUN',3),(200105732,'21:00:00','Phone','FALSE',371,26330,2241667,'Kori','F',30,'No',0,'No',1026,'IC','Invest Cont',310,'BURGLARY',113,'SIMULATED GUN',3),(200105734,'06:50:00','In-Person','TRUE',223,64001,1540497,'Basil','M',34,'Yes',1,'No',2039,'IC','Invest Cont',624,'BATTERY - SIMPLE ASSAULT',500,'UNKNOWN WEAPON/OTHER WEAPON',3),(200105735,'05:22:00','In-Person','FALSE',223,67321,1170356,'Luisa','F',40,'Yes',7,'No',2039,'IC','Invest Cont',740,'VANDALISM - FELONY ($400 & OVE',200,'KNIFE WITH BLADE 6INCHES OR LE',3),(200105736,'07:40:00','Phone','TRUE',223,49302,783116,'Adela','F',30,'Yes',5,'No',2039,'IC','Invest Cont',624,'BATTERY - SIMPLE ASSAULT',500,'UNKNOWN WEAPON/OTHER WEAPON',3),(200105737,'21:33:00','Phone','TRUE',887,60733,1527784,'Madyson','F',32,'Yes',3,'No',4002,'AA','Adult Arrest',330,'BURGLARY FROM VEHICLE',302,'BLUNT INSTRUMENT',3),(200105738,'18:00:00','Phone','FALSE',425,28837,606316,'America','F',30,'Yes',4,'No',1033,'AA','Adult Arrest',330,'BURGLARY FROM VEHICLE',302,'BLUNT INSTRUMENT',3),(200105739,'20:00:00','Phone','FALSE',1001,58906,1028491,'Anaya','F',39,'No',0,'No',5100,'AA','Adult Arrest',930,'CRIMINAL THREATS - NO WEAPON D',212,'BOTTLE',3),(200105740,'13:00:00','Phone','TRUE',223,45520,298561,'Ibrahim','M',35,'Yes',4,'No',2039,'IC','Invest Cont',354,'THEFT OF IDENTITY',513,'STUN GUN',3),(200105742,'18:00:00','Phone','FALSE',336,30895,1716914,'Linwood','M',39,'Yes',4,'No',1026,'IC','Invest Cont',510,'VEHICLE - STOLEN',207,'OTHER KNIFE',3),(200105745,'01:35:00','Phone','TRUE',425,96458,1791301,'Alecia','F',36,'No',0,'No',1033,'IC','Invest Cont',121,'RAPE, FORCIBLE',511,'VERBAL THREAT',3),(200105748,'11:20:00','In-Person','FALSE',371,43423,493272,'Lilia','F',40,'No',0,'No',1026,'IC','Invest Cont',930,'CRIMINAL THREATS - NO WEAPON D',212,'BOTTLE',3),(200105749,'09:55:00','In-Person','TRUE',425,53610,497576,'Jimena','F',32,'Yes',1,'No',1033,'AO','Adult Other',740,'VANDALISM - FELONY ($400 & OVE',200,'KNIFE WITH BLADE 6INCHES OR LE',3),(200105750,'13:05:00','In-Person','TRUE',223,64375,1856797,'Antwan','M',37,'No',0,'No',2039,'IC','Invest Cont',624,'BATTERY - SIMPLE ASSAULT',500,'UNKNOWN WEAPON/OTHER WEAPON',3),(200105751,'15:55:00','In-Person','FALSE',371,10541,279010,'Aida','F',41,'Yes',1,'No',1026,'IC','Invest Cont',624,'BATTERY - SIMPLE ASSAULT',500,'UNKNOWN WEAPON/OTHER WEAPON',3),(200105753,'16:30:00','In-Person','TRUE',425,97923,1345924,'Wilda','F',36,'No',0,'No',1033,'IC','Invest Cont',210,'ROBBERY',515,'PHYSICAL PRESENCE',3),(200105754,'12:45:00','Phone','TRUE',425,70471,992622,'Karlee','F',34,'No',0,'No',3251,'IC','Invest Cont',624,'BATTERY - SIMPLE ASSAULT',500,'UNKNOWN WEAPON/OTHER WEAPON',3),(200105755,'23:30:00','Phone','FALSE',371,12777,1768298,'Mckayla','F',35,'Yes',2,'No',1026,'IC','Invest Cont',480,'BIKE - STOLEN',504,'DEMAND NOTE',3),(200105757,'15:30:00','Phone','FALSE',425,81589,435823,'Amina','F',33,'Yes',6,'No',1033,'IC','Invest Cont',510,'VEHICLE - STOLEN',207,'OTHER KNIFE',3),(200105759,'18:30:00','Phone','FALSE',425,33717,813431,'Zara','F',40,'Yes',1,'No',3251,'AA','Adult Arrest',310,'BURGLARY',113,'SIMULATED GUN',3),(200105760,'17:10:00','Phone','FALSE',425,70331,2260057,'Enzo','M',33,'Yes',2,'No',3251,'IC','Invest Cont',442,'SHOPLIFTING - PETTY THEFT ($95',400,'STRONG-ARM (HANDS, FIST, FEET ',3),(200105761,'16:00:00','Phone','FALSE',425,66308,1749553,'Myla','F',33,'Yes',3,'No',1033,'IC','Invest Cont',230,'ASSAULT WITH DEADLY WEAPON, AG',216,'SCISSORS',3),(200105762,'11:00:00','Phone','FALSE',887,714,2045764,'Justina','F',34,'Yes',3,'No',4010,'IC','Invest Cont',442,'SHOPLIFTING - PETTY THEFT ($95',400,'STRONG-ARM (HANDS, FIST, FEET ',3),(200105764,'18:15:00','Phone','FALSE',371,30007,608188,'Micah','F',40,'No',0,'No',1026,'IC','Invest Cont',860,'BATTERY WITH SEXUAL CONTACT',201,'KNIFE WITH BLADE OVER 6 INCHES',3),(200105765,'09:30:00','Phone','FALSE',1001,96714,2002323,'Charles','F',33,'Yes',7,'No',5555,'IC','Invest Cont',510,'VEHICLE - STOLEN',207,'OTHER KNIFE',3),(200105768,'14:30:00','Phone','FALSE',990,39859,322791,'Chaya','F',39,'Yes',3,'No',3262,'IC','Invest Cont',341,'THEFT-GRAND ($950.01 & OVER)EX',208,'RAZOR',3),(200105769,'07:00:00','Phone','FALSE',371,18884,1609762,'Shaina','F',35,'No',0,'No',1026,'IC','Invest Cont',910,'KIDNAPPING',308,'STICK',3),(200105771,'21:00:00','In-Person','FALSE',336,32612,2127660,'Caryn','F',33,'No',0,'No',1026,'IC','Invest Cont',330,'BURGLARY FROM VEHICLE',302,'BLUNT INSTRUMENT',3),(200105772,'17:00:00','Phone','FALSE',371,92179,1023536,'Arleen','F',33,'No',0,'No',1026,'IC','Invest Cont',624,'BATTERY - SIMPLE ASSAULT',500,'UNKNOWN WEAPON/OTHER WEAPON',3),(200105774,'22:15:00','In-Person','FALSE',1001,113351,1276562,'Coleen','F',37,'Yes',7,'No',5100,'IC','Invest Cont',624,'BATTERY - SIMPLE ASSAULT',500,'UNKNOWN WEAPON/OTHER WEAPON',4),(200105776,'19:30:00','Phone','FALSE',893,16719,1520452,'Jarod','M',39,'Yes',5,'No',4002,'IC','Invest Cont',930,'CRIMINAL THREATS - NO WEAPON D',212,'BOTTLE',4),(200105777,'19:30:00','In-Person','FALSE',425,83606,280986,'Dalia','F',32,'Yes',3,'No',1033,'IC','Invest Cont',930,'CRIMINAL THREATS - NO WEAPON D',212,'BOTTLE',4),(200105778,'17:45:00','Phone','FALSE',1001,118544,1854491,'Francisca','F',39,'Yes',7,'No',5100,'IC','Invest Cont',442,'SHOPLIFTING - PETTY THEFT ($95',400,'STRONG-ARM (HANDS, FIST, FEET ',4),(200105779,'16:46:00','Phone','FALSE',1001,79466,883316,'Hunter','F',32,'Yes',1,'No',5100,'AA','Adult Arrest',442,'SHOPLIFTING - PETTY THEFT ($95',400,'STRONG-ARM (HANDS, FIST, FEET ',4),(200105780,'02:00:00','Phone','FALSE',425,77489,1300485,'Brynlee','F',40,'No',0,'No',1033,'IC','Invest Cont',230,'ASSAULT WITH DEADLY WEAPON, AG',216,'SCISSORS',4),(200105781,'11:04:00','Phone','FALSE',336,49377,1152532,'Cyril','M',35,'No',0,'No',1026,'IC','Invest Cont',648,'ARSON',218,'OTHER CUTTING INSTRUMENT',4),(200105782,'05:00:00','In-Person','FALSE',336,25761,2326905,'Gale','M',36,'No',0,'No',1026,'IC','Invest Cont',626,'INTIMATE PARTNER - SIMPLE ASSA',109,'SEMI-AUTOMATIC PISTOL',4),(200105784,'19:00:00','Phone','FALSE',1001,11924,498394,'Christen','F',35,'Yes',2,'No',5100,'IC','Invest Cont',330,'BURGLARY FROM VEHICLE',302,'BLUNT INSTRUMENT',4),(200105785,'17:10:00','Phone','FALSE',1001,5049,150838,'Carlee','F',34,'Yes',3,'No',5100,'IC','Invest Cont',341,'THEFT-GRAND ($950.01 & OVER)EX',208,'RAZOR',4),(200105787,'11:50:00','Phone','FALSE',425,55355,1597659,'Stevie','M',30,'No',0,'No',1033,'IC','Invest Cont',341,'THEFT-GRAND ($950.01 & OVER)EX',208,'RAZOR',4),(200105788,'19:45:00','Phone','FALSE',887,81875,145248,'Zella','F',33,'No',0,'No',4002,'IC','Invest Cont',341,'THEFT-GRAND ($950.01 & OVER)EX',208,'RAZOR',4),(200105789,'21:17:00','Phone','FALSE',371,84869,366318,'Nikita','F',41,'Yes',5,'No',1026,'IC','Invest Cont',910,'KIDNAPPING',308,'STICK',4),(200105790,'20:00:00','Phone','FALSE',425,104626,1511530,'Annalise','F',41,'No',0,'No',3251,'IC','Invest Cont',330,'BURGLARY FROM VEHICLE',302,'BLUNT INSTRUMENT',4),(200105791,'12:00:00','Phone','FALSE',336,77168,847676,'Birdie','F',41,'No',0,'No',1026,'IC','Invest Cont',480,'BIKE - STOLEN',504,'DEMAND NOTE',4),(200105792,'10:20:00','Phone','FALSE',223,100944,2313905,'Lizette','F',31,'No',0,'No',1111,'IC','Invest Cont',440,'THEFT PLAIN - PETTY ($950 & UN',102,'HAND GUN',4),(200105793,'12:10:00','In-Person','FALSE',223,52991,1713009,'Lulu','F',40,'No',0,'No',2039,'IC','Invest Cont',440,'THEFT PLAIN - PETTY ($950 & UN',102,'HAND GUN',4),(200105794,'14:45:00','In-Person','FALSE',893,102597,922485,'Morton','M',36,'Yes',2,'No',4002,'IC','Invest Cont',946,'OTHER MISCELLANEOUS CRIME',204,'FOLDING KNIFE',4),(200105795,'19:00:00','Phone','FALSE',887,11631,1306339,'Roselyn','F',37,'No',0,'No',4002,'IC','Invest Cont',740,'VANDALISM - FELONY ($400 & OVE',200,'KNIFE WITH BLADE 6INCHES OR LE',4),(200105796,'14:55:00','Phone','FALSE',371,37468,1146693,'Lawanda','F',41,'Yes',3,'No',1026,'IC','Invest Cont',440,'THEFT PLAIN - PETTY ($950 & UN',102,'HAND GUN',4),(200105805,'09:30:00','Phone','FALSE',371,50601,2116414,'Hank','M',33,'Yes',1,'No',1026,'IC','Invest Cont',888,'TRESPASSING',501,'BOMB THREAT',4),(200105807,'01:00:00','Phone','FALSE',223,84326,2282668,'Janel','F',30,'Yes',3,'No',2039,'IC','Invest Cont',626,'INTIMATE PARTNER - SIMPLE ASSA',109,'SEMI-AUTOMATIC PISTOL',4),(200105808,'15:00:00','Phone','FALSE',223,7896,20294,'Ronan','M',40,'No',0,'No',2039,'IC','Invest Cont',330,'BURGLARY FROM VEHICLE',302,'BLUNT INSTRUMENT',4),(200105809,'15:00:00','Phone','FALSE',425,44510,1033794,'Nasir','M',39,'Yes',2,'No',3251,'IC','Invest Cont',510,'VEHICLE - STOLEN',207,'OTHER KNIFE',4),(200105812,'18:10:00','Phone','FALSE',336,97492,2003699,'Celine','F',32,'No',0,'No',1026,'IC','Invest Cont',664,'BUNCO, PETTY THEFT',103,'RIFLE',4),(200105821,'15:30:00','In-Person','FALSE',425,60664,1503268,'Diann','F',32,'No',0,'No',3251,'IC','Invest Cont',662,'BUNCO, GRAND THEFT',512,'MACE/PEPPER SPRAY',4),(200105824,'18:00:00','In-Person','FALSE',425,51036,1132487,'Knox','M',32,'Yes',7,'No',3251,'IC','Invest Cont',341,'THEFT-GRAND ($950.01 & OVER)EX',208,'RAZOR',4),(200105825,'08:25:00','Phone','FALSE',425,28161,1389273,'Kailee','F',30,'No',0,'No',3251,'IC','Invest Cont',910,'KIDNAPPING',308,'STICK',4),(200105826,'10:00:00','Phone','FALSE',371,76636,338206,'Annemarie','F',37,'No',0,'No',1027,'IC','Invest Cont',442,'SHOPLIFTING - PETTY THEFT ($95',400,'STRONG-ARM (HANDS, FIST, FEET ',4),(200105829,'21:00:00','In-Person','FALSE',1001,101277,1339780,'Kasey','M',36,'No',0,'No',3256,'IC','Invest Cont',510,'VEHICLE - STOLEN',207,'OTHER KNIFE',4),(200105830,'11:25:00','Phone','FALSE',223,59467,758460,'Wilhelmina','F',40,'Yes',5,'No',2039,'IC','Invest Cont',236,'INTIMATE PARTNER - AGGRAVATED',205,'KITCHEN KNIFE',4),(200105834,'13:50:00','Phone','FALSE',1001,45541,342670,'Giovanna','F',39,'Yes',5,'No',5100,'IC','Invest Cont',624,'BATTERY - SIMPLE ASSAULT',500,'UNKNOWN WEAPON/OTHER WEAPON',4),(200105836,'15:05:00','In-Person','FALSE',1001,67562,802955,'Theron','M',33,'Yes',1,'No',5100,'IC','Invest Cont',230,'ASSAULT WITH DEADLY WEAPON, AG',216,'SCISSORS',3),(200105837,'18:05:00','Phone','FALSE',1001,47712,550927,'Brodie','M',35,'Yes',4,'No',3256,'IC','Invest Cont',624,'BATTERY - SIMPLE ASSAULT',500,'UNKNOWN WEAPON/OTHER WEAPON',4),(200105838,'06:00:00','Phone','FALSE',336,14718,1026172,'Mervin','M',33,'No',0,'No',7010,'IC','Invest Cont',440,'THEFT PLAIN - PETTY ($950 & UN',102,'HAND GUN',4),(200105848,'13:35:00','Phone','FALSE',1001,41918,1982804,'Tamia','F',41,'No',0,'No',3256,'IC','Invest Cont',442,'SHOPLIFTING - PETTY THEFT ($95',400,'STRONG-ARM (HANDS, FIST, FEET ',4),(200105850,'08:50:00','Phone','FALSE',887,98709,1723599,'Georgie','F',34,'Yes',1,'No',4002,'IC','Invest Cont',440,'THEFT PLAIN - PETTY ($950 & UN',102,'HAND GUN',4),(200105854,'21:40:00','Phone','FALSE',425,92014,622798,'Cori','F',32,'No',0,'No',3250,'IC','Invest Cont',624,'BATTERY - SIMPLE ASSAULT',500,'UNKNOWN WEAPON/OTHER WEAPON',4),(200105857,'18:17:00','Phone','FALSE',887,120125,147901,'Anissa','F',32,'No',0,'No',4002,'IC','Invest Cont',624,'BATTERY - SIMPLE ASSAULT',500,'UNKNOWN WEAPON/OTHER WEAPON',4),(200105859,'19:45:00','Phone','FALSE',893,23005,1094828,'Shayne','M',33,'No',0,'No',2040,'IC','Invest Cont',910,'KIDNAPPING',308,'STICK',4),(200105861,'12:00:00','Phone','FALSE',425,9255,1687228,'Vince','M',31,'No',0,'No',1033,'IC','Invest Cont',930,'CRIMINAL THREATS - NO WEAPON D',212,'BOTTLE',4),(200105862,'00:30:00','Phone','FALSE',887,81399,1796898,'Matias','M',40,'No',0,'No',4002,'IC','Invest Cont',210,'ROBBERY',515,'PHYSICAL PRESENCE',4),(200105863,'20:20:00','Phone','FALSE',371,101290,2283848,'Clair','M',34,'No',0,'No',1027,'IC','Invest Cont',350,'THEFT, PERSON',221,'GLASS',4),(200105864,'23:55:00','In-Person','FALSE',887,64277,1158423,'Damaris','F',33,'Yes',3,'No',4002,'IC','Invest Cont',625,'OTHER ASSAULT',104,'SHOTGUN',4),(200105865,'16:30:00','Phone','FALSE',887,89775,1313306,'Breanne','F',31,'No',0,'No',2040,'AA','Adult Arrest',350,'THEFT, PERSON',221,'GLASS',4),(200105866,'21:30:00','Phone','FALSE',371,84659,1714776,'Erich','M',40,'No',0,'No',1027,'IC','Invest Cont',745,'VANDALISM - MISDEAMEANOR ($399',306,'ROCK/THROWN OBJECT',4),(200105869,'16:30:00','In-Person','FALSE',425,19742,1406457,'Christin','F',41,'Yes',1,'No',1033,'IC','Invest Cont',440,'THEFT PLAIN - PETTY ($950 & UN',102,'HAND GUN',4),(200105870,'10:00:00','In-Person','FALSE',425,32556,2000672,'Shelton','M',41,'No',0,'No',3250,'IC','Invest Cont',910,'KIDNAPPING',308,'STICK',4),(200105871,'04:15:00','Phone','FALSE',887,30646,976699,'Maranda','F',39,'No',0,'No',5245,'AA','Adult Arrest',440,'THEFT PLAIN - PETTY ($950 & UN',102,'HAND GUN',4),(200105872,'18:30:00','In-Person','FALSE',887,100974,416218,'Luciano','M',37,'No',0,'No',4003,'IC','Invest Cont',740,'VANDALISM - FELONY ($400 & OVE',200,'KNIFE WITH BLADE 6INCHES OR LE',4),(200105878,'16:00:00','Phone','FALSE',893,94269,508054,'Marquita','F',30,'Yes',5,'No',4003,'IC','Invest Cont',442,'SHOPLIFTING - PETTY THEFT ($95',400,'STRONG-ARM (HANDS, FIST, FEET ',4),(200105880,'21:00:00','Phone','FALSE',893,19003,1232628,'Ciera','F',30,'No',0,'No',4003,'IC','Invest Cont',330,'BURGLARY FROM VEHICLE',302,'BLUNT INSTRUMENT',4),(200105882,'23:00:00','Phone','FALSE',893,43501,2186816,'Dayana','F',34,'Yes',3,'No',2040,'IC','Invest Cont',740,'VANDALISM - FELONY ($400 & OVE',200,'KNIFE WITH BLADE 6INCHES OR LE',4),(200105884,'16:05:00','In-Person','FALSE',1001,64452,838992,'Skyla','F',36,'No',0,'No',3256,'IC','Invest Cont',740,'VANDALISM - FELONY ($400 & OVE',200,'KNIFE WITH BLADE 6INCHES OR LE',4),(200105885,'21:07:00','In-Person','FALSE',1001,11559,572976,'Reggie','M',41,'Yes',1,'No',3256,'IC','Invest Cont',956,'LETTERS, LEWD  -  TELEPHONE CA',206,'SWITCH BLADE',4),(200105891,'14:00:00','Phone','FALSE',887,67785,2070981,'Jolie','F',39,'No',0,'No',4003,'IC','Invest Cont',341,'THEFT-GRAND ($950.01 & OVER)EX',208,'RAZOR',4),(200105898,'10:05:00','Phone','FALSE',425,48887,142489,'Finley','M',39,'No',0,'No',3250,'IC','Invest Cont',888,'TRESPASSING',501,'BOMB THREAT',4),(200105903,'09:00:00','In-Person','FALSE',1001,75837,996438,'Dudley','M',40,'Yes',3,'No',5100,'IC','Invest Cont',624,'BATTERY - SIMPLE ASSAULT',500,'UNKNOWN WEAPON/OTHER WEAPON',4),(200105905,'08:10:00','Phone','FALSE',1001,64366,536970,'Ashanti','F',37,'Yes',2,'No',3256,'IC','Invest Cont',761,'BRANDISH WEAPON',307,'VEHICLE',4),(200105906,'10:45:00','In-Person','FALSE',371,35316,662430,'Deangelo','M',36,'Yes',1,'No',1027,'IC','Invest Cont',910,'KIDNAPPING',308,'STICK',4),(200105907,'16:45:00','In-Person','FALSE',893,55625,2012893,'Kennedi','F',41,'No',0,'No',4003,'IC','Invest Cont',624,'BATTERY - SIMPLE ASSAULT',500,'UNKNOWN WEAPON/OTHER WEAPON',4),(200105909,'12:00:00','Phone','FALSE',887,82835,210484,'Leta','F',32,'No',0,'No',5245,'IC','Invest Cont',341,'THEFT-GRAND ($950.01 & OVER)EX',208,'RAZOR',4),(200105910,'20:00:00','Phone','FALSE',425,99074,1718090,'Miley','F',32,'No',0,'No',1033,'IC','Invest Cont',330,'BURGLARY FROM VEHICLE',302,'BLUNT INSTRUMENT',4),(200105911,'15:30:00','Phone','FALSE',336,16258,1196891,'Abbigail','F',35,'No',0,'No',1027,'IC','Invest Cont',442,'SHOPLIFTING - PETTY THEFT ($95',400,'STRONG-ARM (HANDS, FIST, FEET ',4),(200105912,'20:30:00','Phone','FALSE',336,76177,2222988,'Iona','F',30,'Yes',6,'No',1027,'IC','Invest Cont',330,'BURGLARY FROM VEHICLE',302,'BLUNT INSTRUMENT',4),(200105913,'16:30:00','In-Person','FALSE',425,57291,1939081,'Roxana','F',36,'Yes',1,'No',1033,'IC','Invest Cont',624,'BATTERY - SIMPLE ASSAULT',500,'UNKNOWN WEAPON/OTHER WEAPON',4),(200105914,'13:45:00','In-Person','FALSE',336,112457,2005025,'Annamarie','F',41,'Yes',1,'No',1027,'IC','Invest Cont',442,'SHOPLIFTING - PETTY THEFT ($95',400,'STRONG-ARM (HANDS, FIST, FEET ',4),(200105920,'13:20:00','In-Person','FALSE',371,116760,658563,'Layne','M',39,'No',0,'No',1027,'IC','Invest Cont',624,'BATTERY - SIMPLE ASSAULT',500,'UNKNOWN WEAPON/OTHER WEAPON',4),(200105922,'16:00:00','In-Person','FALSE',1001,29336,1158101,'Maudie','F',34,'Yes',6,'No',3256,'IC','Invest Cont',330,'BURGLARY FROM VEHICLE',302,'BLUNT INSTRUMENT',4),(200105924,'10:20:00','In-Person','FALSE',893,5591,163208,'Veda','F',30,'No',0,'No',2040,'IC','Invest Cont',330,'BURGLARY FROM VEHICLE',302,'BLUNT INSTRUMENT',4),(200105925,'18:00:00','Phone','FALSE',1001,22829,1430737,'Davion','M',35,'Yes',7,'No',3256,'IC','Invest Cont',330,'BURGLARY FROM VEHICLE',302,'BLUNT INSTRUMENT',4),(200105926,'22:10:00','Phone','FALSE',887,33547,430787,'Twila','F',41,'No',0,'No',4003,'IC','Invest Cont',930,'CRIMINAL THREATS - NO WEAPON D',212,'BOTTLE',4),(200105930,'02:10:00','Phone','FALSE',893,62263,222328,'Kaylyn','F',40,'Yes',1,'No',2040,'IC','Invest Cont',210,'ROBBERY',515,'PHYSICAL PRESENCE',4),(200105931,'00:10:00','In-Person','FALSE',425,67532,1150856,'Dahlia','F',33,'No',0,'No',1033,'IC','Invest Cont',230,'ASSAULT WITH DEADLY WEAPON, AG',216,'SCISSORS',4),(200105935,'06:00:00','Phone','FALSE',893,75608,1784352,'Angelita','F',40,'Yes',4,'No',4003,'IC','Invest Cont',420,'THEFT FROM MOTOR VEHICLE - PET',506,'FIRE',4),(200105938,'10:55:00','Phone','FALSE',425,34296,1728447,'Jadyn','F',37,'No',0,'No',3250,'IC','Invest Cont',956,'LETTERS, LEWD  -  TELEPHONE CA',206,'SWITCH BLADE',4),(200105943,'07:30:00','Phone','FALSE',887,9730,885148,'Korey','M',36,'No',0,'No',2040,'AA','Adult Arrest',236,'INTIMATE PARTNER - AGGRAVATED',205,'KITCHEN KNIFE',4),(200105945,'17:25:00','In-Person','FALSE',1001,102291,1331712,'Foster','M',34,'Yes',2,'No',3256,'IC','Invest Cont',903,'CONTEMPT OF COURT',107,'OTHER FIREARM',4),(200105946,'07:20:00','Phone','FALSE',887,106149,688477,'Letitia','F',40,'Yes',1,'No',4003,'IC','Invest Cont',624,'BATTERY - SIMPLE ASSAULT',500,'UNKNOWN WEAPON/OTHER WEAPON',4),(200105947,'17:30:00','Phone','FALSE',336,34084,495657,'Jamari','M',35,'No',0,'No',1027,'IC','Invest Cont',510,'VEHICLE - STOLEN',207,'OTHER KNIFE',4),(200105954,'07:00:00','In-Person','FALSE',336,24118,534189,'Chana','F',37,'No',0,'No',1027,'IC','Invest Cont',510,'VEHICLE - STOLEN',207,'OTHER KNIFE',4),(200105960,'13:46:00','In-Person','FALSE',887,106521,1282796,'Earle','M',35,'Yes',2,'No',2040,'IC','Invest Cont',900,'VIOLATION OF COURT ORDER',223,'UNKNOWN TYPE CUTTING INSTRUMEN',4),(200105962,'16:47:00','In-Person','FALSE',887,96379,1405170,'Adelina','F',30,'Yes',1,'No',2040,'IC','Invest Cont',442,'SHOPLIFTING - PETTY THEFT ($95',400,'STRONG-ARM (HANDS, FIST, FEET ',4),(200105963,'12:00:00','Phone','FALSE',336,63711,2375333,'Shea','F',41,'No',0,'No',1027,'IC','Invest Cont',649,'DOCUMENT FORGERY / STOLEN FELO',311,'HAMMER',4),(200105968,'23:50:00','Phone','FALSE',893,22327,346346,'Vern','M',41,'Yes',2,'No',2040,'IC','Invest Cont',230,'ASSAULT WITH DEADLY WEAPON, AG',216,'SCISSORS',4),(200105971,'13:00:00','Phone','FALSE',323,36357,753504,'Cherry','F',35,'Yes',1,'No',3247,'AA','Adult Arrest',442,'SHOPLIFTING - PETTY THEFT ($95',400,'STRONG-ARM (HANDS, FIST, FEET ',4),(200105972,'12:15:00','In-Person','FALSE',893,104917,109776,'Lesa','F',30,'Yes',1,'No',5245,'IC','Invest Cont',230,'ASSAULT WITH DEADLY WEAPON, AG',216,'SCISSORS',4),(200105973,'12:15:00','Phone','FALSE',893,33913,2010781,'Aylin','F',30,'Yes',4,'No',2040,'IC','Invest Cont',624,'BATTERY - SIMPLE ASSAULT',500,'UNKNOWN WEAPON/OTHER WEAPON',4),(200105974,'11:00:00','Phone','FALSE',371,121201,206410,'Trace','M',37,'Yes',6,'No',1027,'AA','Adult Arrest',510,'VEHICLE - STOLEN',207,'OTHER KNIFE',4),(200105975,'23:30:00','Phone','FALSE',371,71785,1397597,'Valencia','F',41,'Yes',3,'No',1027,'IC','Invest Cont',910,'KIDNAPPING',308,'STICK',4),(200105976,'10:36:00','Phone','FALSE',425,24165,1315368,'Danika','F',32,'No',0,'No',1033,'IC','Invest Cont',442,'SHOPLIFTING - PETTY THEFT ($95',400,'STRONG-ARM (HANDS, FIST, FEET ',4),(200105977,'09:25:00','In-Person','FALSE',425,70350,2255558,'Alfreda','F',34,'Yes',5,'No',1033,'IC','Invest Cont',230,'ASSAULT WITH DEADLY WEAPON, AG',216,'SCISSORS',4),(200105980,'20:40:00','Phone','FALSE',336,70367,236910,'Cleo','M',37,'Yes',5,'No',1027,'IC','Invest Cont',946,'OTHER MISCELLANEOUS CRIME',204,'FOLDING KNIFE',4),(200105981,'15:00:00','Phone','FALSE',371,54651,1749,'Cornell','M',37,'Yes',4,'No',1027,'IC','Invest Cont',330,'BURGLARY FROM VEHICLE',302,'BLUNT INSTRUMENT',4),(200105989,'21:30:00','Phone','FALSE',1001,107248,1159402,'Dessie','F',35,'No',0,'No',3256,'IC','Invest Cont',624,'BATTERY - SIMPLE ASSAULT',500,'UNKNOWN WEAPON/OTHER WEAPON',4),(200105990,'23:30:00','Phone','FALSE',1001,123670,789428,'Tayler','F',35,'Yes',4,'No',3256,'IC','Invest Cont',330,'BURGLARY FROM VEHICLE',302,'BLUNT INSTRUMENT',4),(200105991,'04:00:00','Phone','FALSE',371,9870,592839,'Jamel','M',32,'No',0,'No',1027,'IC','Invest Cont',210,'ROBBERY',515,'PHYSICAL PRESENCE',4),(200105992,'02:50:00','Phone','FALSE',371,50473,1296311,'Marlena','F',32,'No',0,'No',1027,'IC','Invest Cont',740,'VANDALISM - FELONY ($400 & OVE',200,'KNIFE WITH BLADE 6INCHES OR LE',4),(200105993,'22:45:00','Phone','FALSE',893,20878,2370478,'Claudine','F',39,'Yes',5,'No',2040,'IC','Invest Cont',901,'VIOLATION OF RESTRAINING ORDER',101,'REVOLVER',4),(200105997,'16:30:00','Phone','FALSE',893,16239,875698,'Joe','F',33,'No',0,'No',2040,'IC','Invest Cont',910,'KIDNAPPING',308,'STICK',4),(200105998,'01:40:00','Phone','FALSE',893,81325,2293249,'Breana','F',34,'No',0,'No',4003,'IC','Invest Cont',668,'EMBEZZLEMENT, GRAND THEFT ($95',310,'CONCRETE BLOCK/BRICK',4),(200105999,'12:30:00','In-Person','FALSE',1001,113132,2351715,'Julien','M',33,'Yes',3,'No',3256,'IC','Invest Cont',740,'VANDALISM - FELONY ($400 & OVE',200,'KNIFE WITH BLADE 6INCHES OR LE',4),(200106002,'10:00:00','In-Person','FALSE',425,66573,2183473,'Hana','F',37,'No',0,'No',1033,'IC','Invest Cont',440,'THEFT PLAIN - PETTY ($950 & UN',102,'HAND GUN',4),(200106003,'10:00:00','In-Person','FALSE',887,58409,1727467,'Rigoberto','M',33,'No',0,'No',4003,'IC','Invest Cont',624,'BATTERY - SIMPLE ASSAULT',500,'UNKNOWN WEAPON/OTHER WEAPON',4),(200106004,'12:00:00','Phone','FALSE',887,103840,1885967,'Brycen','M',30,'Yes',1,'No',4003,'IC','Invest Cont',480,'BIKE - STOLEN',504,'DEMAND NOTE',4),(200106005,'18:40:00','Phone','FALSE',336,94937,396533,'Milan','M',30,'No',0,'No',1027,'IC','Invest Cont',910,'KIDNAPPING',308,'STICK',4),(200106006,'09:00:00','Phone','FALSE',425,8996,79082,'Racheal','F',30,'No',0,'No',1033,'IC','Invest Cont',480,'BIKE - STOLEN',504,'DEMAND NOTE',4),(200106007,'17:20:00','In-Person','FALSE',893,83078,2040611,'Leora','F',31,'Yes',4,'No',4003,'IC','Invest Cont',440,'THEFT PLAIN - PETTY ($950 & UN',102,'HAND GUN',4),(200106008,'03:30:00','Phone','FALSE',887,44336,2369031,'Cordelia','F',36,'No',0,'No',5245,'IC','Invest Cont',230,'ASSAULT WITH DEADLY WEAPON, AG',216,'SCISSORS',4),(200106012,'14:31:00','Phone','FALSE',425,106309,71500,'Farrah','F',30,'No',0,'No',1033,'IC','Invest Cont',341,'THEFT-GRAND ($950.01 & OVER)EX',208,'RAZOR',4),(200106013,'23:30:00','In-Person','FALSE',1001,48247,1698307,'Triston','M',32,'Yes',6,'No',3256,'IC','Invest Cont',330,'BURGLARY FROM VEHICLE',302,'BLUNT INSTRUMENT',4),(200106014,'16:00:00','In-Person','FALSE',336,53072,555894,'Florine','F',30,'No',0,'No',1027,'IC','Invest Cont',341,'THEFT-GRAND ($950.01 & OVER)EX',208,'RAZOR',4),(200106015,'09:10:00','Phone','FALSE',425,119611,2333708,'Alva','M',30,'No',0,'No',1034,'AA','Adult Arrest',330,'BURGLARY FROM VEHICLE',302,'BLUNT INSTRUMENT',4),(200106016,'02:00:00','Phone','FALSE',336,52352,1816220,'Booker','M',33,'No',0,'No',1027,'IC','Invest Cont',330,'BURGLARY FROM VEHICLE',302,'BLUNT INSTRUMENT',4),(200106021,'06:00:00','In-Person','FALSE',1001,120477,1725223,'Rhys','M',32,'Yes',2,'No',3263,'IC','Invest Cont',341,'THEFT-GRAND ($950.01 & OVER)EX',208,'RAZOR',4),(200106023,'08:15:00','Phone','FALSE',336,34382,468095,'Millicent','F',40,'No',0,'No',1027,'IC','Invest Cont',626,'INTIMATE PARTNER - SIMPLE ASSA',109,'SEMI-AUTOMATIC PISTOL',4),(200106024,'22:20:00','Phone','FALSE',1001,59048,508087,'Cristopher','M',40,'Yes',5,'No',3256,'IC','Invest Cont',330,'BURGLARY FROM VEHICLE',302,'BLUNT INSTRUMENT',4),(200106025,'16:30:00','Phone','FALSE',1001,90279,2033627,'Maliyah','F',31,'No',0,'No',3256,'IC','Invest Cont',331,'THEFT FROM MOTOR VEHICLE - GRA',312,'PIPE/METAL PIPE',4),(200106028,'16:00:00','In-Person','FALSE',893,36668,121151,'Kacey','F',33,'No',0,'No',2040,'IC','Invest Cont',624,'BATTERY - SIMPLE ASSAULT',500,'UNKNOWN WEAPON/OTHER WEAPON',4),(200106037,'19:20:00','Phone','FALSE',1001,65093,1698481,'Alysha','F',31,'Yes',2,'No',3263,'IC','Invest Cont',420,'THEFT FROM MOTOR VEHICLE - PET',506,'FIRE',4),(200106038,'16:00:00','Phone','FALSE',425,118900,1088174,'Isis','F',40,'Yes',1,'No',3223,'IC','Invest Cont',210,'ROBBERY',515,'PHYSICAL PRESENCE',4),(200106039,'04:30:00','Phone','FALSE',371,59970,1453029,'Tevin','M',41,'Yes',2,'No',1026,'IC','Invest Cont',310,'BURGLARY',113,'SIMULATED GUN',4),(200106040,'19:00:00','Phone','FALSE',425,97788,1558645,'Ace','M',35,'Yes',5,'No',1034,'AA','Adult Arrest',210,'ROBBERY',515,'PHYSICAL PRESENCE',4),(200106041,'14:25:00','Phone','FALSE',425,47449,1588496,'Leia','F',39,'No',0,'No',3250,'IC','Invest Cont',745,'VANDALISM - MISDEAMEANOR ($399',306,'ROCK/THROWN OBJECT',4),(200106044,'11:05:00','Phone','FALSE',425,118605,246758,'Jaron','M',36,'Yes',5,'No',1034,'IC','Invest Cont',624,'BATTERY - SIMPLE ASSAULT',500,'UNKNOWN WEAPON/OTHER WEAPON',4),(200106049,'21:00:00','Phone','FALSE',887,96570,728624,'Demetria','F',32,'No',0,'No',4003,'IC','Invest Cont',330,'BURGLARY FROM VEHICLE',302,'BLUNT INSTRUMENT',4),(200106050,'16:00:00','Phone','FALSE',336,71036,1422202,'Patience','F',34,'No',0,'No',4004,'IC','Invest Cont',440,'THEFT PLAIN - PETTY ($950 & UN',102,'HAND GUN',4),(200106058,'13:14:00','Phone','FALSE',893,38074,1530555,'Bo','M',36,'Yes',3,'No',5245,'IC','Invest Cont',649,'DOCUMENT FORGERY / STOLEN FELO',311,'HAMMER',4),(200106061,'12:30:00','Phone','FALSE',425,99106,1579443,'Dirk','M',40,'No',0,'No',1034,'IC','Invest Cont',910,'KIDNAPPING',308,'STICK',4),(200106063,'14:30:00','In-Person','FALSE',336,121264,585970,'Janiyah','F',40,'No',0,'No',1027,'IC','Invest Cont',624,'BATTERY - SIMPLE ASSAULT',500,'UNKNOWN WEAPON/OTHER WEAPON',4),(200106071,'17:50:00','Phone','FALSE',887,121192,448179,'Winona','F',33,'Yes',2,'No',4003,'IC','Invest Cont',341,'THEFT-GRAND ($950.01 & OVER)EX',208,'RAZOR',4),(200106073,'18:30:00','Phone','FALSE',887,123508,1503144,'Rayna','F',30,'No',0,'No',5245,'IC','Invest Cont',330,'BURGLARY FROM VEHICLE',302,'BLUNT INSTRUMENT',4),(200106074,'15:00:00','Phone','FALSE',990,107924,243592,'Mikel','M',32,'Yes',3,'No',1024,'IC','Invest Cont',740,'VANDALISM - FELONY ($400 & OVE',200,'KNIFE WITH BLADE 6INCHES OR LE',4),(200106075,'19:00:00','In-Person','FALSE',893,103804,52899,'Ashlie','F',33,'Yes',2,'No',5245,'IC','Invest Cont',330,'BURGLARY FROM VEHICLE',302,'BLUNT INSTRUMENT',4),(200106076,'17:20:00','In-Person','FALSE',887,84574,424878,'Joseph','F',30,'No',0,'No',5245,'IC','Invest Cont',648,'ARSON',218,'OTHER CUTTING INSTRUMENT',4),(200106077,'08:40:00','Phone','FALSE',425,62258,1935618,'Kaylynn','F',35,'No',0,'No',1034,'IC','Invest Cont',510,'VEHICLE - STOLEN',207,'OTHER KNIFE',4),(200106078,'21:15:00','Phone','FALSE',223,105670,35262,'Emmitt','M',33,'No',0,'No',1111,'IC','Invest Cont',330,'BURGLARY FROM VEHICLE',302,'BLUNT INSTRUMENT',4),(200106080,'20:44:00','Phone','FALSE',425,36207,987840,'Ariella','F',40,'No',0,'No',2036,'AO','Adult Other',442,'SHOPLIFTING - PETTY THEFT ($95',400,'STRONG-ARM (HANDS, FIST, FEET ',4),(200106082,'17:30:00','Phone','FALSE',893,36127,1026126,'Portia','F',31,'No',0,'No',2040,'IC','Invest Cont',625,'OTHER ASSAULT',104,'SHOTGUN',4),(200106086,'18:00:00','Phone','FALSE',1001,9862,1812773,'Laney','F',30,'Yes',4,'No',3256,'IC','Invest Cont',230,'ASSAULT WITH DEADLY WEAPON, AG',216,'SCISSORS',4),(200106088,'18:20:00','Phone','FALSE',893,73927,230934,'Devonte','M',33,'Yes',3,'No',2040,'IC','Invest Cont',230,'ASSAULT WITH DEADLY WEAPON, AG',216,'SCISSORS',4),(200106090,'06:30:00','Phone','FALSE',425,66251,96110,'Karly','F',35,'No',0,'No',1034,'AA','Adult Arrest',330,'BURGLARY FROM VEHICLE',302,'BLUNT INSTRUMENT',4),(200106091,'08:00:00','Phone','FALSE',261,80507,843516,'Kenton','M',32,'Yes',2,'No',1023,'IC','Invest Cont',910,'KIDNAPPING',308,'STICK',4),(200106096,'20:00:00','Phone','FALSE',323,91175,1372069,'Lacie','F',34,'No',0,'No',3258,'IC','Invest Cont',745,'VANDALISM - MISDEAMEANOR ($399',306,'ROCK/THROWN OBJECT',4),(200106099,'17:25:00','Phone','FALSE',336,45808,489583,'Karli','F',40,'Yes',7,'No',1027,'IC','Invest Cont',956,'LETTERS, LEWD  -  TELEPHONE CA',206,'SWITCH BLADE',4),(200106100,'17:25:00','In-Person','FALSE',322,38373,890782,'Fidel','M',32,'No',0,'No',3258,'IC','Invest Cont',956,'LETTERS, LEWD  -  TELEPHONE CA',206,'SWITCH BLADE',4),(200106101,'17:25:00','Phone','FALSE',887,79873,578577,'Rosalee','F',35,'Yes',2,'No',5245,'IC','Invest Cont',956,'LETTERS, LEWD  -  TELEPHONE CA',206,'SWITCH BLADE',4),(200106102,'17:25:00','In-Person','FALSE',425,13278,479930,'Shantel','F',33,'No',0,'No',1033,'IC','Invest Cont',956,'LETTERS, LEWD  -  TELEPHONE CA',206,'SWITCH BLADE',4),(200106103,'16:00:00','In-Person','FALSE',425,49333,533067,'Sage','M',31,'Yes',5,'No',1034,'IC','Invest Cont',440,'THEFT PLAIN - PETTY ($950 & UN',102,'HAND GUN',4),(200106104,'17:25:00','Phone','FALSE',887,42079,682734,'Enoch','M',39,'Yes',6,'No',4003,'IC','Invest Cont',956,'LETTERS, LEWD  -  TELEPHONE CA',206,'SWITCH BLADE',4),(200106105,'17:25:00','Phone','FALSE',261,38266,1950178,'Reina','F',41,'Yes',4,'No',3258,'IC','Invest Cont',956,'LETTERS, LEWD  -  TELEPHONE CA',206,'SWITCH BLADE',4),(200106107,'13:50:00','In-Person','FALSE',887,94024,256205,'Pansy','F',31,'No',0,'No',2040,'IC','Invest Cont',440,'THEFT PLAIN - PETTY ($950 & UN',102,'HAND GUN',4),(200106108,'20:30:00','Phone','FALSE',887,85409,1503490,'Alia','F',31,'Yes',1,'No',2040,'IC','Invest Cont',330,'BURGLARY FROM VEHICLE',302,'BLUNT INSTRUMENT',4),(200106109,'14:00:00','Phone','FALSE',261,103793,710435,'Kolby','M',39,'No',0,'No',3258,'IC','Invest Cont',420,'THEFT FROM MOTOR VEHICLE - PET',506,'FIRE',4),(200106111,'21:00:00','Phone','FALSE',887,64444,802516,'Vida','F',40,'No',0,'No',5245,'IC','Invest Cont',910,'KIDNAPPING',308,'STICK',4),(200106117,'10:00:00','Phone','FALSE',887,47197,887067,'Kenna','F',31,'No',0,'No',5245,'IC','Invest Cont',624,'BATTERY - SIMPLE ASSAULT',500,'UNKNOWN WEAPON/OTHER WEAPON',4),(200106119,'04:00:00','Phone','FALSE',893,6566,1375332,'Michel','M',32,'Yes',2,'No',2040,'IC','Invest Cont',440,'THEFT PLAIN - PETTY ($950 & UN',102,'HAND GUN',4),(200106121,'13:15:00','Phone','FALSE',425,28169,975051,'Domenic','M',30,'No',0,'No',1034,'IC','Invest Cont',946,'OTHER MISCELLANEOUS CRIME',204,'FOLDING KNIFE',4),(200106124,'20:00:00','Phone','FALSE',371,11758,1297608,'Claud','M',36,'No',0,'No',1027,'IC','Invest Cont',330,'BURGLARY FROM VEHICLE',302,'BLUNT INSTRUMENT',4),(200106125,'21:00:00','In-Person','FALSE',893,50874,690777,'Mayme','F',34,'No',0,'No',5245,'IC','Invest Cont',440,'THEFT PLAIN - PETTY ($950 & UN',102,'HAND GUN',4),(200106127,'13:45:00','Phone','FALSE',322,120767,1827867,'Lucian','M',35,'Yes',2,'No',3258,'IC','Invest Cont',230,'ASSAULT WITH DEADLY WEAPON, AG',216,'SCISSORS',4),(200106142,'11:30:00','Phone','FALSE',322,855,421241,'Nathanial','M',36,'Yes',4,'No',3258,'IC','Invest Cont',624,'BATTERY - SIMPLE ASSAULT',500,'UNKNOWN WEAPON/OTHER WEAPON',4),(200106143,'13:00:00','Phone','FALSE',887,35618,299524,'Rohan','M',36,'Yes',7,'No',5245,'IC','Invest Cont',420,'THEFT FROM MOTOR VEHICLE - PET',506,'FIRE',4),(200106146,'11:30:00','In-Person','FALSE',425,10013,1206725,'Freeman','M',32,'Yes',7,'No',1034,'IC','Invest Cont',624,'BATTERY - SIMPLE ASSAULT',500,'UNKNOWN WEAPON/OTHER WEAPON',4),(200106147,'17:00:00','Phone','FALSE',887,7231,98853,'Lona','F',35,'Yes',2,'No',2040,'IC','Invest Cont',420,'THEFT FROM MOTOR VEHICLE - PET',506,'FIRE',4),(200106148,'12:45:00','In-Person','FALSE',893,88139,916054,'Garth','M',33,'Yes',1,'No',4003,'IC','Invest Cont',330,'BURGLARY FROM VEHICLE',302,'BLUNT INSTRUMENT',4),(200106149,'14:25:00','Phone','FALSE',323,49605,1199009,'Macey','F',41,'No',0,'No',3258,'AO','Adult Other',745,'VANDALISM - MISDEAMEANOR ($399',306,'ROCK/THROWN OBJECT',4),(200106150,'02:00:00','Phone','FALSE',223,117910,1556948,'Mandi','F',31,'No',0,'No',2039,'IC','Invest Cont',230,'ASSAULT WITH DEADLY WEAPON, AG',216,'SCISSORS',4),(200106164,'10:04:00','Phone','FALSE',893,58594,2385963,'Denice','F',35,'No',0,'No',4003,'IC','Invest Cont',745,'VANDALISM - MISDEAMEANOR ($399',306,'ROCK/THROWN OBJECT',4),(200106166,'10:15:00','Phone','FALSE',322,13984,2313926,'Cayla','F',30,'No',0,'No',4001,'AO','Adult Other',210,'ROBBERY',515,'PHYSICAL PRESENCE',4),(200106170,'21:45:00','Phone','FALSE',887,44254,1723906,'Raina','F',36,'No',0,'No',2040,'IC','Invest Cont',946,'OTHER MISCELLANEOUS CRIME',204,'FOLDING KNIFE',4),(200106172,'13:10:00','Phone','FALSE',887,77001,852061,'Deidra','F',39,'No',0,'No',2040,'IC','Invest Cont',440,'THEFT PLAIN - PETTY ($950 & UN',102,'HAND GUN',4),(200106173,'19:35:00','Phone','FALSE',893,110737,508659,'Ivette','F',30,'No',0,'No',2040,'IC','Invest Cont',624,'BATTERY - SIMPLE ASSAULT',500,'UNKNOWN WEAPON/OTHER WEAPON',4),(200106174,'18:51:00','In-Person','FALSE',893,13654,1797459,'Alycia','F',33,'No',0,'No',5245,'IC','Invest Cont',480,'BIKE - STOLEN',504,'DEMAND NOTE',4),(200106175,'08:30:00','Phone','FALSE',893,106420,2355163,'Marisela','F',37,'No',0,'No',5245,'IC','Invest Cont',341,'THEFT-GRAND ($950.01 & OVER)EX',208,'RAZOR',4),(200106178,'18:30:00','In-Person','FALSE',425,37195,388323,'Mariela','F',35,'No',0,'No',1034,'IC','Invest Cont',624,'BATTERY - SIMPLE ASSAULT',500,'UNKNOWN WEAPON/OTHER WEAPON',4),(200106179,'04:15:00','Phone','FALSE',371,119425,1464839,'Carmelo','M',40,'No',0,'No',1027,'IC','Invest Cont',220,'ATTEMPTED ROBBERY',219,'SCREWDRIVER',4),(200106181,'13:30:00','Phone','FALSE',887,76086,918804,'Scottie','M',32,'Yes',1,'No',4003,'IC','Invest Cont',354,'THEFT OF IDENTITY',513,'STUN GUN',4),(200106182,'05:00:00','In-Person','FALSE',323,34117,1817381,'Octavio','M',37,'No',0,'No',3258,'IC','Invest Cont',910,'KIDNAPPING',308,'STICK',4),(200106183,'07:45:00','In-Person','FALSE',425,80704,1485755,'Lidia','F',41,'Yes',6,'No',1034,'IC','Invest Cont',341,'THEFT-GRAND ($950.01 & OVER)EX',208,'RAZOR',4),(200106184,'22:30:00','Phone','FALSE',322,17897,18490,'Catrina','F',31,'Yes',7,'No',3258,'AO','Adult Other',745,'VANDALISM - MISDEAMEANOR ($399',306,'ROCK/THROWN OBJECT',4),(200106185,'13:30:00','Phone','FALSE',1001,44861,1909393,'Sandy','M',41,'Yes',7,'No',7100,'IC','Invest Cont',330,'BURGLARY FROM VEHICLE',302,'BLUNT INSTRUMENT',4),(200106186,'19:30:00','In-Person','FALSE',893,10134,929861,'Vada','F',36,'Yes',1,'No',5245,'IC','Invest Cont',510,'VEHICLE - STOLEN',207,'OTHER KNIFE',4),(200106187,'22:30:00','In-Person','FALSE',336,72057,970413,'Ayana','F',36,'No',0,'No',1027,'IC','Invest Cont',330,'BURGLARY FROM VEHICLE',302,'BLUNT INSTRUMENT',4),(200106193,'15:00:00','Phone','FALSE',323,113638,29244,'Robby','M',35,'No',0,'No',3258,'IC','Invest Cont',420,'THEFT FROM MOTOR VEHICLE - PET',506,'FIRE',4),(200106197,'13:15:00','Phone','FALSE',322,45221,1312328,'Karlie','F',30,'Yes',7,'No',3258,'IC','Invest Cont',745,'VANDALISM - MISDEAMEANOR ($399',306,'ROCK/THROWN OBJECT',4),(200106198,'10:30:00','In-Person','FALSE',887,353,315589,'Gregorio','M',41,'No',0,'No',4003,'IC','Invest Cont',624,'BATTERY - SIMPLE ASSAULT',500,'UNKNOWN WEAPON/OTHER WEAPON',4),(200106199,'23:30:00','Phone','FALSE',322,119461,95904,'Freida','F',30,'No',0,'No',3258,'IC','Invest Cont',510,'VEHICLE - STOLEN',207,'OTHER KNIFE',4),(200106208,'16:30:00','In-Person','FALSE',425,109485,434101,'Rosario','F',33,'Yes',3,'No',1034,'IC','Invest Cont',420,'THEFT FROM MOTOR VEHICLE - PET',506,'FIRE',4),(200106209,'12:00:00','Phone','FALSE',893,106813,1934382,'Kennith','M',30,'Yes',5,'No',5245,'IC','Invest Cont',442,'SHOPLIFTING - PETTY THEFT ($95',400,'STRONG-ARM (HANDS, FIST, FEET ',4),(200106210,'16:20:00','Phone','FALSE',893,74206,1888269,'Felecia','F',37,'No',0,'No',4003,'IC','Invest Cont',230,'ASSAULT WITH DEADLY WEAPON, AG',216,'SCISSORS',4),(200106214,'21:00:00','In-Person','FALSE',887,71425,1641780,'Manuela','F',33,'No',0,'No',5245,'IC','Invest Cont',330,'BURGLARY FROM VEHICLE',302,'BLUNT INSTRUMENT',4),(200106217,'15:15:00','Phone','FALSE',336,117345,661535,'Renata','F',36,'Yes',5,'No',1025,'IC','Invest Cont',625,'OTHER ASSAULT',104,'SHOTGUN',4),(200106218,'10:00:00','Phone','FALSE',893,76412,1248198,'Mekhi','M',39,'Yes',1,'No',4003,'IC','Invest Cont',624,'BATTERY - SIMPLE ASSAULT',500,'UNKNOWN WEAPON/OTHER WEAPON',4),(200106220,'01:30:00','In-Person','FALSE',1001,65717,241254,'Arlo','M',39,'Yes',7,'No',5555,'IC','Invest Cont',230,'ASSAULT WITH DEADLY WEAPON, AG',216,'SCISSORS',4),(200106221,'17:10:00','In-Person','FALSE',1001,74798,1970954,'Cordell','M',34,'Yes',3,'No',5555,'IC','Invest Cont',440,'THEFT PLAIN - PETTY ($950 & UN',102,'HAND GUN',4),(200106222,'21:30:00','In-Person','FALSE',323,106494,31760,'Denzel','M',31,'No',0,'No',3258,'IC','Invest Cont',910,'KIDNAPPING',308,'STICK',4),(200106224,'15:25:00','In-Person','FALSE',990,77494,1002745,'Stevie','F',35,'Yes',4,'No',3259,'IC','Invest Cont',230,'ASSAULT WITH DEADLY WEAPON, AG',216,'SCISSORS',4),(200106225,'22:20:00','Phone','FALSE',1001,43743,1424948,'Jaimie','F',37,'No',0,'No',5555,'AA','Adult Arrest',624,'BATTERY - SIMPLE ASSAULT',500,'UNKNOWN WEAPON/OTHER WEAPON',4),(200106226,'22:20:00','Phone','FALSE',893,70249,1023327,'Lucretia','F',35,'No',0,'No',4003,'IC','Invest Cont',624,'BATTERY - SIMPLE ASSAULT',500,'UNKNOWN WEAPON/OTHER WEAPON',4),(200106227,'22:20:00','Phone','FALSE',425,115315,1770557,'Tera','F',39,'No',0,'No',1034,'IC','Invest Cont',624,'BATTERY - SIMPLE ASSAULT',500,'UNKNOWN WEAPON/OTHER WEAPON',4),(200106228,'22:20:00','Phone','FALSE',990,21677,2079966,'Beryl','F',36,'Yes',2,'No',3259,'IC','Invest Cont',624,'BATTERY - SIMPLE ASSAULT',500,'UNKNOWN WEAPON/OTHER WEAPON',4),(200106229,'19:30:00','Phone','FALSE',425,60738,1611965,'Mira','F',32,'No',0,'No',1034,'IC','Invest Cont',330,'BURGLARY FROM VEHICLE',302,'BLUNT INSTRUMENT',4),(200106230,'19:00:00','Phone','FALSE',425,16891,497547,'Cherish','F',32,'No',0,'No',1034,'IC','Invest Cont',341,'THEFT-GRAND ($950.01 & OVER)EX',208,'RAZOR',4),(200106231,'20:00:00','Phone','FALSE',425,95084,1960421,'Deven','M',32,'Yes',1,'No',1034,'IC','Invest Cont',341,'THEFT-GRAND ($950.01 & OVER)EX',208,'RAZOR',4),(200106232,'12:00:00','Phone','FALSE',893,107550,2134098,'Gianni','M',33,'Yes',4,'No',4003,'IC','Invest Cont',354,'THEFT OF IDENTITY',513,'STUN GUN',4),(200106236,'03:00:00','Phone','FALSE',990,84788,1928645,'Kadence','F',34,'Yes',1,'No',3259,'IC','Invest Cont',230,'ASSAULT WITH DEADLY WEAPON, AG',216,'SCISSORS',4),(200106237,'19:30:00','Phone','FALSE',336,91171,2156337,'Herschel','M',36,'Yes',4,'No',1027,'IC','Invest Cont',330,'BURGLARY FROM VEHICLE',302,'BLUNT INSTRUMENT',4),(200106238,'18:55:00','Phone','FALSE',990,91075,1408255,'Ryland','M',33,'No',0,'No',3259,'IC','Invest Cont',330,'BURGLARY FROM VEHICLE',302,'BLUNT INSTRUMENT',4),(200106239,'01:00:00','Phone','FALSE',1001,73438,789856,'Cortez','M',34,'Yes',1,'No',5555,'AA','Adult Arrest',350,'THEFT, PERSON',221,'GLASS',4),(200106242,'04:00:00','Phone','FALSE',893,115519,2108462,'Danette','F',39,'No',0,'No',2040,'IC','Invest Cont',624,'BATTERY - SIMPLE ASSAULT',500,'UNKNOWN WEAPON/OTHER WEAPON',4),(200106243,'01:40:00','Phone','FALSE',893,95469,1440452,'Rowena','F',32,'No',0,'No',2040,'IC','Invest Cont',626,'INTIMATE PARTNER - SIMPLE ASSA',109,'SEMI-AUTOMATIC PISTOL',4),(200106244,'01:40:00','Phone','FALSE',990,2352,1428825,'Everette','M',34,'Yes',1,'No',3259,'AA','Adult Arrest',236,'INTIMATE PARTNER - AGGRAVATED',205,'KITCHEN KNIFE',4),(200106245,'16:40:00','Phone','FALSE',1001,23221,745448,'Ivory','F',33,'Yes',1,'No',5555,'AA','Adult Arrest',440,'THEFT PLAIN - PETTY ($950 & UN',102,'HAND GUN',4),(200106246,'20:00:00','Phone','FALSE',1001,32305,446106,'Joslyn','F',41,'No',0,'No',5555,'IC','Invest Cont',440,'THEFT PLAIN - PETTY ($950 & UN',102,'HAND GUN',4),(200106247,'12:00:00','Phone','FALSE',322,87768,731254,'Ali','F',36,'No',0,'No',4011,'IC','Invest Cont',230,'ASSAULT WITH DEADLY WEAPON, AG',216,'SCISSORS',4),(200106253,'10:00:00','In-Person','FALSE',336,77493,1394795,'Skylar','M',32,'Yes',1,'No',1027,'IC','Invest Cont',510,'VEHICLE - STOLEN',207,'OTHER KNIFE',2),(200106255,'00:45:00','Phone','FALSE',887,37912,1073752,'Ulises','M',36,'No',0,'No',4003,'IC','Invest Cont',648,'ARSON',218,'OTHER CUTTING INSTRUMENT',4),(200106257,'11:00:00','Phone','FALSE',336,96354,2345182,'Ember','F',36,'Yes',3,'No',1027,'IC','Invest Cont',910,'KIDNAPPING',308,'STICK',4),(200106266,'11:30:00','Phone','FALSE',425,63123,557911,'Alvina','F',40,'Yes',3,'No',3223,'IC','Invest Cont',623,'BATTERY POLICE (SIMPLE)',215,'MACHETE',4),(200106270,'05:15:00','Phone','FALSE',1001,123905,586210,'Leota','F',32,'Yes',1,'No',5555,'IC','Invest Cont',440,'THEFT PLAIN - PETTY ($950 & UN',102,'HAND GUN',4),(200106273,'20:00:00','Phone','FALSE',893,63406,96579,'Yahir','M',36,'Yes',4,'No',2040,'IC','Invest Cont',745,'VANDALISM - MISDEAMEANOR ($399',306,'ROCK/THROWN OBJECT',4),(200106275,'20:00:00','In-Person','TRUE',261,347,2132254,'Kristofer','M',32,'Yes',3,'No',6011,'IC','Invest Cont',440,'THEFT PLAIN - PETTY ($950 & UN',102,'HAND GUN',4),(200106283,'07:00:00','Phone','TRUE',323,107915,866400,'Sandi','F',40,'Yes',6,'No',6011,'IC','Invest Cont',330,'BURGLARY FROM VEHICLE',302,'BLUNT INSTRUMENT',4),(200106285,'13:45:00','Phone','TRUE',223,108805,764474,'Marva','F',39,'Yes',2,'No',4444,'AO','Adult Other',888,'TRESPASSING',501,'BOMB THREAT',4),(200106286,'21:15:00','Phone','TRUE',371,63221,148720,'Gonzalo','M',35,'No',0,'No',7010,'AO','Adult Other',740,'VANDALISM - FELONY ($400 & OVE',200,'KNIFE WITH BLADE 6INCHES OR LE',4),(200106288,'18:00:00','In-Person','TRUE',336,21802,1419715,'Luciana','F',37,'Yes',5,'No',7010,'AO','Adult Other',420,'THEFT FROM MOTOR VEHICLE - PET',506,'FIRE',4),(200106289,'21:50:00','In-Person','FALSE',223,29439,43631,'Benson','M',41,'Yes',7,'No',4444,'IC','Invest Cont',230,'ASSAULT WITH DEADLY WEAPON, AG',216,'SCISSORS',4),(200106290,'19:30:00','Phone','FALSE',1001,83579,122586,'Ansley','F',35,'Yes',1,'No',7100,'IC','Invest Cont',920,'KIDNAPPING - GRAND ATTEMPT',115,'ASSAULT WEAPON/UZI/AK47/ETC',4),(200106293,'02:00:00','In-Person','FALSE',223,63036,1751739,'Gracelyn','F',31,'Yes',6,'No',4444,'IC','Invest Cont',910,'KIDNAPPING',308,'STICK',4),(200106300,'17:00:00','In-Person','FALSE',425,34717,195015,'Vonda','F',32,'Yes',4,'No',1034,'IC','Invest Cont',440,'THEFT PLAIN - PETTY ($950 & UN',102,'HAND GUN',4),(200106301,'15:00:00','Phone','FALSE',223,89910,2271916,'Darien','M',40,'No',0,'No',4444,'IC','Invest Cont',910,'KIDNAPPING',308,'STICK',4),(200106304,'10:00:00','In-Person','TRUE',990,35436,1647899,'Amani','F',41,'No',0,'No',3259,'IC','Invest Cont',310,'BURGLARY',113,'SIMULATED GUN',4),(200106305,'04:00:00','In-Person','TRUE',336,32218,2020207,'Raelyn','F',31,'Yes',4,'No',7010,'IC','Invest Cont',350,'THEFT, PERSON',221,'GLASS',4),(200106308,'22:25:00','In-Person','FALSE',223,10218,119361,'Judi','F',36,'Yes',2,'No',4444,'IC','Invest Cont',624,'BATTERY - SIMPLE ASSAULT',500,'UNKNOWN WEAPON/OTHER WEAPON',4),(200106309,'21:00:00','Phone','FALSE',887,8634,459716,'Magnolia','F',34,'Yes',3,'No',2040,'IC','Invest Cont',745,'VANDALISM - MISDEAMEANOR ($399',306,'ROCK/THROWN OBJECT',4),(200106312,'04:30:00','Phone','TRUE',371,13294,5274,'Christopher','F',36,'No',0,'No',1027,'IC','Invest Cont',624,'BATTERY - SIMPLE ASSAULT',500,'UNKNOWN WEAPON/OTHER WEAPON',4),(200106316,'00:45:00','Phone','TRUE',223,16786,1036760,'Alphonse','M',41,'No',0,'No',4444,'IC','Invest Cont',624,'BATTERY - SIMPLE ASSAULT',500,'UNKNOWN WEAPON/OTHER WEAPON',4),(200106317,'15:45:00','In-Person','TRUE',425,86200,1245636,'Tatyana','F',32,'Yes',5,'No',1034,'IC','Invest Cont',740,'VANDALISM - FELONY ($400 & OVE',200,'KNIFE WITH BLADE 6INCHES OR LE',4),(200106318,'18:30:00','Phone','TRUE',371,82213,882207,'Nan','F',36,'No',0,'No',7010,'IC','Invest Cont',330,'BURGLARY FROM VEHICLE',302,'BLUNT INSTRUMENT',4),(200106319,'11:00:00','Phone','FALSE',990,39065,2183244,'Theodora','F',31,'Yes',1,'No',1024,'IC','Invest Cont',480,'BIKE - STOLEN',504,'DEMAND NOTE',4),(200106320,'17:22:00','Phone','FALSE',425,118272,2285537,'Freddie','F',41,'No',0,'No',1034,'IC','Invest Cont',440,'THEFT PLAIN - PETTY ($950 & UN',102,'HAND GUN',4),(200106321,'21:00:00','In-Person','FALSE',223,77153,332862,'Kason','M',37,'No',0,'No',4444,'IC','Invest Cont',910,'KIDNAPPING',308,'STICK',4),(200106327,'20:30:00','In-Person','TRUE',990,100261,799739,'Randell','M',31,'No',0,'No',3259,'IC','Invest Cont',330,'BURGLARY FROM VEHICLE',302,'BLUNT INSTRUMENT',4),(200106328,'10:30:00','In-Person','FALSE',893,6351,849994,'Edison','M',31,'No',0,'No',2040,'IC','Invest Cont',331,'THEFT FROM MOTOR VEHICLE - GRA',312,'PIPE/METAL PIPE',4),(200106329,'15:00:00','Phone','FALSE',425,13521,2278956,'Atticus','M',39,'No',0,'No',1034,'IC','Invest Cont',956,'LETTERS, LEWD  -  TELEPHONE CA',206,'SWITCH BLADE',4),(200106330,'08:15:00','In-Person','TRUE',336,106273,1766988,'Shellie','F',41,'No',0,'No',2035,'IC','Invest Cont',624,'BATTERY - SIMPLE ASSAULT',500,'UNKNOWN WEAPON/OTHER WEAPON',4),(200106331,'06:15:00','In-Person','FALSE',336,12295,589889,'Johnna','F',37,'Yes',7,'No',7010,'IC','Invest Cont',330,'BURGLARY FROM VEHICLE',302,'BLUNT INSTRUMENT',4),(200106333,'09:30:00','Phone','TRUE',990,41665,1472064,'Marquise','M',41,'No',0,'No',1024,'IC','Invest Cont',480,'BIKE - STOLEN',504,'DEMAND NOTE',4),(200106340,'17:30:00','Phone','TRUE',336,28323,1008871,'Margret','F',40,'No',0,'No',7010,'IC','Invest Cont',442,'SHOPLIFTING - PETTY THEFT ($95',400,'STRONG-ARM (HANDS, FIST, FEET ',4),(200106343,'08:20:00','Phone','FALSE',371,11507,1513772,'Alonso','M',35,'Yes',7,'No',7010,'IC','Invest Cont',910,'KIDNAPPING',308,'STICK',4),(200106345,'10:00:00','Phone','FALSE',371,93227,2049384,'Heriberto','M',39,'Yes',3,'No',1027,'IC','Invest Cont',230,'ASSAULT WITH DEADLY WEAPON, AG',216,'SCISSORS',4),(200106346,'14:15:00','Phone','TRUE',371,8185,1383497,'Delphine','F',31,'No',0,'No',7010,'IC','Invest Cont',850,'INDECENT EXPOSURE',304,'CLUB/BAT',4),(200106347,'14:15:00','Phone','FALSE',371,67844,286561,'Jairo','M',40,'No',0,'No',7010,'IC','Invest Cont',850,'INDECENT EXPOSURE',304,'CLUB/BAT',4),(200106350,'14:20:00','Phone','TRUE',425,2685,857925,'Jovan','M',33,'Yes',6,'No',1034,'IC','Invest Cont',624,'BATTERY - SIMPLE ASSAULT',500,'UNKNOWN WEAPON/OTHER WEAPON',4),(200106353,'13:00:00','Phone','TRUE',322,35223,396176,'Dionne','F',36,'No',0,'No',3249,'IC','Invest Cont',330,'BURGLARY FROM VEHICLE',302,'BLUNT INSTRUMENT',4),(200106354,'22:00:00','Phone','TRUE',425,120423,742270,'Christal','F',33,'Yes',2,'No',4112,'IC','Invest Cont',330,'BURGLARY FROM VEHICLE',302,'BLUNT INSTRUMENT',4),(200106356,'16:25:00','Phone','FALSE',223,113328,413824,'Kathi','F',30,'Yes',1,'No',4444,'IC','Invest Cont',745,'VANDALISM - MISDEAMEANOR ($399',306,'ROCK/THROWN OBJECT',4),(200106368,'11:00:00','Phone','FALSE',336,17486,2139891,'Jaquan','M',41,'Yes',3,'No',7010,'IC','Invest Cont',420,'THEFT FROM MOTOR VEHICLE - PET',506,'FIRE',4),(200106375,'17:00:00','Phone','FALSE',893,20291,1802279,'Sawyer','F',41,'Yes',2,'No',2041,'IC','Invest Cont',624,'BATTERY - SIMPLE ASSAULT',500,'UNKNOWN WEAPON/OTHER WEAPON',4),(200106377,'00:30:00','In-Person','FALSE',223,123978,2195441,'Winfred','M',36,'Yes',4,'No',4444,'IC','Invest Cont',624,'BATTERY - SIMPLE ASSAULT',500,'UNKNOWN WEAPON/OTHER WEAPON',4),(200106381,'17:00:00','In-Person','TRUE',990,98732,569988,'Latanya','F',39,'No',0,'No',3259,'IC','Invest Cont',666,'BUNCO, ATTEMPT',514,'TIRE IRON',4),(200106382,'19:10:00','In-Person','TRUE',371,97118,1238537,'Hassan','M',30,'Yes',4,'No',1027,'IC','Invest Cont',330,'BURGLARY FROM VEHICLE',302,'BLUNT INSTRUMENT',4),(200106383,'18:00:00','Phone','TRUE',223,82749,686378,'Elmo','M',40,'No',0,'No',4444,'IC','Invest Cont',330,'BURGLARY FROM VEHICLE',302,'BLUNT INSTRUMENT',4),(200106386,'00:50:00','In-Person','FALSE',223,26760,1843085,'Chastity','F',39,'No',0,'No',4444,'IC','Invest Cont',910,'KIDNAPPING',308,'STICK',4),(200106389,'18:30:00','Phone','FALSE',371,65656,651713,'Chantal','F',41,'Yes',5,'No',7010,'IC','Invest Cont',440,'THEFT PLAIN - PETTY ($950 & UN',102,'HAND GUN',4),(200106395,'20:45:00','In-Person','FALSE',893,76705,737982,'Savanah','F',32,'No',0,'No',2041,'AA','Adult Arrest',330,'BURGLARY FROM VEHICLE',302,'BLUNT INSTRUMENT',4),(200106409,'09:50:00','In-Person','TRUE',893,75671,893398,'Phoenix','F',34,'Yes',1,'No',2041,'IC','Invest Cont',662,'BUNCO, GRAND THEFT',512,'MACE/PEPPER SPRAY',4),(200106410,'18:00:00','In-Person','FALSE',1001,118210,2280988,'Jayleen','F',34,'No',0,'No',7100,'IC','Invest Cont',662,'BUNCO, GRAND THEFT',512,'MACE/PEPPER SPRAY',4),(200106411,'04:00:00','Phone','TRUE',371,52133,614468,'Emelia','F',31,'No',0,'No',1027,'IC','Invest Cont',121,'RAPE, FORCIBLE',511,'VERBAL THREAT',4),(200106412,'10:00:00','In-Person','FALSE',887,24431,1800708,'Gilda','F',34,'Yes',7,'No',2041,'IC','Invest Cont',341,'THEFT-GRAND ($950.01 & OVER)EX',208,'RAZOR',4),(200106414,'05:15:00','Phone','TRUE',336,93053,1443030,'Hershel','M',40,'No',0,'No',1027,'IC','Invest Cont',956,'LETTERS, LEWD  -  TELEPHONE CA',206,'SWITCH BLADE',4),(200106415,'16:00:00','Phone','TRUE',1001,119037,1415329,'Lavern','M',35,'Yes',3,'No',7100,'IC','Invest Cont',740,'VANDALISM - FELONY ($400 & OVE',200,'KNIFE WITH BLADE 6INCHES OR LE',4),(200106420,'15:00:00','In-Person','FALSE',893,30099,2185016,'Maegan','F',37,'Yes',3,'No',4010,'IC','Invest Cont',330,'BURGLARY FROM VEHICLE',302,'BLUNT INSTRUMENT',4),(200106421,'11:45:00','In-Person','TRUE',425,24840,302395,'Bradly','M',34,'No',0,'No',1034,'IC','Invest Cont',755,'BOMB SCARE',301,'BELT FLAILING INSTRUMENT/CHAIN',4),(200106425,'11:20:00','Phone','FALSE',887,28772,427626,'Arjun','M',41,'No',0,'No',2041,'IC','Invest Cont',623,'BATTERY POLICE (SIMPLE)',215,'MACHETE',4),(200106427,'02:30:00','Phone','TRUE',223,88157,1951897,'Belen','F',35,'No',0,'No',4444,'IC','Invest Cont',624,'BATTERY - SIMPLE ASSAULT',500,'UNKNOWN WEAPON/OTHER WEAPON',4),(200106431,'13:00:00','Phone','TRUE',1001,67158,219038,'Haylie','F',36,'No',0,'No',7100,'IC','Invest Cont',354,'THEFT OF IDENTITY',513,'STUN GUN',4),(200106433,'22:00:00','In-Person','TRUE',893,4892,2120193,'Chaz','M',30,'No',0,'No',2041,'IC','Invest Cont',624,'BATTERY - SIMPLE ASSAULT',500,'UNKNOWN WEAPON/OTHER WEAPON',4),(200106443,'16:20:00','In-Person','FALSE',425,114750,2331531,'Mathias','M',33,'Yes',7,'No',1034,'IC','Invest Cont',910,'KIDNAPPING',308,'STICK',4),(200106444,'21:00:00','In-Person','TRUE',371,108208,794318,'Jacoby','M',33,'Yes',1,'No',1027,'IC','Invest Cont',420,'THEFT FROM MOTOR VEHICLE - PET',506,'FIRE',4),(200106445,'22:00:00','In-Person','FALSE',425,83672,194800,'Jerrod','M',41,'Yes',6,'No',4112,'IC','Invest Cont',210,'ROBBERY',515,'PHYSICAL PRESENCE',4),(200106446,'11:00:00','In-Person','TRUE',336,99227,2178397,'Armani','M',36,'No',0,'No',7010,'AO','Adult Other',420,'THEFT FROM MOTOR VEHICLE - PET',506,'FIRE',4),(200106448,'14:00:00','Phone','FALSE',893,57905,1892994,'Killian','M',41,'Yes',1,'No',2041,'IC','Invest Cont',351,'PURSE SNATCHING',217,'SWORD',4),(200106449,'02:00:00','In-Person','TRUE',425,65915,969333,'Fallon','F',31,'Yes',7,'No',1033,'IC','Invest Cont',888,'TRESPASSING',501,'BOMB THREAT',4),(200106450,'18:15:00','Phone','TRUE',990,1539,283194,'Ione','F',32,'Yes',2,'No',3259,'AO','Adult Other',442,'SHOPLIFTING - PETTY THEFT ($95',400,'STRONG-ARM (HANDS, FIST, FEET ',4),(200106451,'08:30:00','In-Person','TRUE',336,121831,1027042,'Berniece','F',39,'Yes',7,'No',1027,'IC','Invest Cont',860,'BATTERY WITH SEXUAL CONTACT',201,'KNIFE WITH BLADE OVER 6 INCHES',4),(200106452,'05:00:00','Phone','TRUE',336,44944,797166,'Isabela','F',34,'Yes',4,'No',1027,'AA','Adult Arrest',310,'BURGLARY',113,'SIMULATED GUN',4),(200106453,'14:50:00','In-Person','TRUE',425,32729,1136664,'Lon','M',40,'Yes',6,'No',1034,'IC','Invest Cont',440,'THEFT PLAIN - PETTY ($950 & UN',102,'HAND GUN',4),(200106454,'16:00:00','In-Person','TRUE',887,54362,2162837,'Clementine','F',30,'No',0,'No',2041,'IC','Invest Cont',330,'BURGLARY FROM VEHICLE',302,'BLUNT INSTRUMENT',4),(200106460,'16:55:00','Phone','TRUE',223,100216,1133690,'Laci','F',35,'No',0,'No',1111,'IC','Invest Cont',440,'THEFT PLAIN - PETTY ($950 & UN',102,'HAND GUN',4),(200106463,'06:50:00','In-Person','FALSE',893,113489,29725,'Giuliana','F',39,'Yes',6,'No',2041,'IC','Invest Cont',310,'BURGLARY',113,'SIMULATED GUN',4),(200106474,'05:30:00','Phone','TRUE',1001,5713,1472503,'Jensen','M',33,'Yes',2,'No',7100,'AA','Adult Arrest',626,'INTIMATE PARTNER - SIMPLE ASSA',109,'SEMI-AUTOMATIC PISTOL',4),(200106478,'19:36:00','In-Person','FALSE',990,37719,1896387,'Elouise','F',39,'No',0,'No',3259,'AA','Adult Arrest',330,'BURGLARY FROM VEHICLE',302,'BLUNT INSTRUMENT',4),(200106479,'18:30:00','Phone','FALSE',223,122310,630332,'Tisha','F',33,'Yes',2,'No',1111,'IC','Invest Cont',330,'BURGLARY FROM VEHICLE',302,'BLUNT INSTRUMENT',4),(200106480,'19:00:00','Phone','TRUE',893,27367,2145407,'Alysia','F',35,'No',0,'No',5245,'IC','Invest Cont',330,'BURGLARY FROM VEHICLE',302,'BLUNT INSTRUMENT',4),(200106484,'08:45:00','Phone','FALSE',893,40377,1109020,'Richard','F',39,'Yes',7,'No',2041,'IC','Invest Cont',761,'BRANDISH WEAPON',307,'VEHICLE',4),(200106485,'17:00:00','In-Person','FALSE',223,37144,559229,'Mckinley','F',33,'No',0,'No',1111,'IC','Invest Cont',341,'THEFT-GRAND ($950.01 & OVER)EX',208,'RAZOR',4),(200106488,'06:00:00','Phone','TRUE',223,120514,61579,'Tiffanie','F',37,'No',0,'No',1111,'IC','Invest Cont',510,'VEHICLE - STOLEN',207,'OTHER KNIFE',4),(200106492,'20:00:00','Phone','TRUE',223,121962,74710,'Rolland','M',40,'No',0,'No',2033,'IC','Invest Cont',330,'BURGLARY FROM VEHICLE',302,'BLUNT INSTRUMENT',4),(200106493,'10:30:00','Phone','TRUE',990,106902,2057626,'Sydney','M',31,'No',0,'No',3259,'IC','Invest Cont',236,'INTIMATE PARTNER - AGGRAVATED',205,'KITCHEN KNIFE',4),(200106494,'08:30:00','Phone','TRUE',887,68198,456418,'Madonna','F',32,'Yes',1,'No',2041,'AO','Adult Other',624,'BATTERY - SIMPLE ASSAULT',500,'UNKNOWN WEAPON/OTHER WEAPON',4),(200106495,'15:30:00','Phone','TRUE',223,108782,1834144,'Yaretzi','F',35,'No',0,'No',2033,'IC','Invest Cont',343,'SHOPLIFTING-GRAND THEFT ($950.',116,'ANTIQUE FIREARM',4),(200106500,'15:25:00','In-Person','TRUE',223,112327,715211,'Kaci','F',31,'No',0,'No',4444,'IC','Invest Cont',624,'BATTERY - SIMPLE ASSAULT',500,'UNKNOWN WEAPON/OTHER WEAPON',4),(200106501,'10:00:00','In-Person','TRUE',223,35905,1783053,'Lisette','F',35,'No',0,'No',2033,'IC','Invest Cont',310,'BURGLARY',113,'SIMULATED GUN',4),(200106507,'17:10:00','In-Person','TRUE',223,62005,246077,'Bennie','F',32,'Yes',5,'No',2033,'IC','Invest Cont',624,'BATTERY - SIMPLE ASSAULT',500,'UNKNOWN WEAPON/OTHER WEAPON',4),(200106514,'17:30:00','Phone','FALSE',223,17191,134384,'Bobby','F',35,'No',0,'No',4444,'AO','Adult Other',230,'ASSAULT WITH DEADLY WEAPON, AG',216,'SCISSORS',4),(200106516,'18:00:00','Phone','FALSE',887,22249,2134889,'Brant','M',33,'No',0,'No',2041,'IC','Invest Cont',330,'BURGLARY FROM VEHICLE',302,'BLUNT INSTRUMENT',4),(200106517,'09:30:00','Phone','TRUE',990,120088,181212,'Caren','F',30,'Yes',1,'No',3259,'IC','Invest Cont',330,'BURGLARY FROM VEHICLE',302,'BLUNT INSTRUMENT',4),(200106519,'19:15:00','In-Person','FALSE',223,13946,1236605,'Shanice','F',31,'Yes',2,'No',4444,'IC','Invest Cont',330,'BURGLARY FROM VEHICLE',302,'BLUNT INSTRUMENT',4),(200106520,'15:30:00','Phone','FALSE',1001,93338,576810,'Treva','F',30,'Yes',1,'No',7100,'IC','Invest Cont',624,'BATTERY - SIMPLE ASSAULT',500,'UNKNOWN WEAPON/OTHER WEAPON',4),(200106523,'22:35:00','In-Person','FALSE',261,99517,1668915,'Zechariah','M',31,'No',0,'No',1023,'IC','Invest Cont',951,'DEFRAUDING INNKEEPER/THEFT OF',502,'BOW AND ARROW',4),(200106526,'20:35:00','Phone','FALSE',887,118634,2186620,'Danial','M',32,'No',0,'No',2041,'IC','Invest Cont',442,'SHOPLIFTING - PETTY THEFT ($95',400,'STRONG-ARM (HANDS, FIST, FEET ',4),(200106527,'17:30:00','Phone','FALSE',990,49194,349081,'Wilfredo','M',39,'No',0,'No',3259,'IC','Invest Cont',480,'BIKE - STOLEN',504,'DEMAND NOTE',4),(200106529,'12:00:00','In-Person','FALSE',887,24133,761681,'Angus','M',36,'No',0,'No',2041,'IC','Invest Cont',354,'THEFT OF IDENTITY',513,'STUN GUN',4),(200106531,'18:00:00','Phone','FALSE',887,32411,1924972,'Anabel','F',41,'Yes',6,'No',2041,'IC','Invest Cont',624,'BATTERY - SIMPLE ASSAULT',500,'UNKNOWN WEAPON/OTHER WEAPON',4),(200106534,'20:00:00','Phone','FALSE',223,75433,816076,'Corey','F',30,'No',0,'No',1111,'AA','Adult Arrest',888,'TRESPASSING',501,'BOMB THREAT',4),(200106546,'10:00:00','In-Person','TRUE',990,124580,1009999,'Zoie','F',39,'Yes',1,'No',3259,'IC','Invest Cont',740,'VANDALISM - FELONY ($400 & OVE',200,'KNIFE WITH BLADE 6INCHES OR LE',4),(200106547,'10:00:00','Phone','TRUE',887,68323,761635,'Gisselle','F',41,'Yes',2,'No',2041,'IC','Invest Cont',330,'BURGLARY FROM VEHICLE',302,'BLUNT INSTRUMENT',4),(200106548,'22:40:00','Phone','TRUE',887,82030,1713670,'Chauncey','M',31,'Yes',1,'No',2041,'IC','Invest Cont',330,'BURGLARY FROM VEHICLE',302,'BLUNT INSTRUMENT',4),(200106558,'08:00:00','Phone','TRUE',223,122861,1567582,'Tristin','M',36,'Yes',5,'No',1111,'IC','Invest Cont',662,'BUNCO, GRAND THEFT',512,'MACE/PEPPER SPRAY',4),(200106560,'17:20:00','Phone','FALSE',336,48752,572259,'German','M',33,'No',0,'No',4004,'IC','Invest Cont',888,'TRESPASSING',501,'BOMB THREAT',4),(200106584,'12:15:00','In-Person','TRUE',223,101036,1741203,'Celestine','F',31,'No',0,'No',1111,'AA','Adult Arrest',740,'VANDALISM - FELONY ($400 & OVE',200,'KNIFE WITH BLADE 6INCHES OR LE',4),(200106593,'16:30:00','Phone','FALSE',425,52117,2017383,'Sullivan','M',40,'No',0,'No',2036,'IC','Invest Cont',442,'SHOPLIFTING - PETTY THEFT ($95',400,'STRONG-ARM (HANDS, FIST, FEET ',4),(200106598,'17:30:00','In-Person','TRUE',323,43137,1416339,'Oma','F',37,'Yes',7,'No',1023,'IC','Invest Cont',442,'SHOPLIFTING - PETTY THEFT ($95',400,'STRONG-ARM (HANDS, FIST, FEET ',4),(200106599,'18:15:00','Phone','TRUE',371,67868,843250,'Fanny','F',41,'No',0,'No',3245,'IC','Invest Cont',442,'SHOPLIFTING - PETTY THEFT ($95',400,'STRONG-ARM (HANDS, FIST, FEET ',4),(200106600,'22:30:00','Phone','TRUE',893,53100,1226383,'Lanny','M',34,'Yes',3,'No',2041,'IC','Invest Cont',624,'BATTERY - SIMPLE ASSAULT',500,'UNKNOWN WEAPON/OTHER WEAPON',4),(200106604,'09:30:00','Phone','TRUE',887,62497,1650332,'Samson','M',32,'Yes',7,'No',2041,'IC','Invest Cont',888,'TRESPASSING',501,'BOMB THREAT',4),(200106606,'03:05:00','In-Person','FALSE',223,96326,1936522,'Lettie','F',33,'Yes',5,'No',1111,'IC','Invest Cont',624,'BATTERY - SIMPLE ASSAULT',500,'UNKNOWN WEAPON/OTHER WEAPON',4),(200106608,'03:00:00','Phone','TRUE',371,30651,868977,'Milagros','F',33,'Yes',6,'No',7010,'IC','Invest Cont',910,'KIDNAPPING',308,'STICK',4),(200106614,'06:00:00','Phone','TRUE',223,56957,389334,'Jacques','M',36,'Yes',4,'No',1111,'AA','Adult Arrest',624,'BATTERY - SIMPLE ASSAULT',500,'UNKNOWN WEAPON/OTHER WEAPON',4),(200106615,'06:00:00','In-Person','FALSE',887,51586,2223025,'Valentin','M',37,'No',0,'No',2041,'AA','Adult Arrest',624,'BATTERY - SIMPLE ASSAULT',500,'UNKNOWN WEAPON/OTHER WEAPON',4),(200106616,'09:05:00','Phone','FALSE',371,89774,1483745,'Shirley','M',41,'No',0,'No',2038,'IC','Invest Cont',624,'BATTERY - SIMPLE ASSAULT',500,'UNKNOWN WEAPON/OTHER WEAPON',4),(200106617,'14:08:00','Phone','FALSE',1001,123609,1249709,'Omari','M',35,'Yes',6,'No',7100,'IC','Invest Cont',910,'KIDNAPPING',308,'STICK',4),(200106618,'22:00:00','In-Person','FALSE',990,40063,815007,'Eliseo','M',39,'No',0,'No',3259,'IC','Invest Cont',745,'VANDALISM - MISDEAMEANOR ($399',306,'ROCK/THROWN OBJECT',4),(200106621,'06:50:00','In-Person','FALSE',1001,20336,303328,'Aleena','F',33,'Yes',2,'No',5555,'IC','Invest Cont',930,'CRIMINAL THREATS - NO WEAPON D',212,'BOTTLE',4),(200106622,'06:50:00','In-Person','TRUE',990,81894,2363309,'Mckinley','M',40,'No',0,'No',3259,'IC','Invest Cont',624,'BATTERY - SIMPLE ASSAULT',500,'UNKNOWN WEAPON/OTHER WEAPON',4),(200106629,'11:40:00','Phone','FALSE',223,56206,1268547,'Barton','M',36,'Yes',7,'No',2033,'IC','Invest Cont',664,'BUNCO, PETTY THEFT',103,'RIFLE',4),(200106631,'12:00:00','Phone','TRUE',990,59291,617103,'Bronson','M',37,'No',0,'No',2037,'IC','Invest Cont',624,'BATTERY - SIMPLE ASSAULT',500,'UNKNOWN WEAPON/OTHER WEAPON',4),(200106636,'19:20:00','Phone','TRUE',223,100393,2208238,'Unknown','F',39,'Yes',7,'No',1111,'IC','Invest Cont',740,'VANDALISM - FELONY ($400 & OVE',200,'KNIFE WITH BLADE 6INCHES OR LE',4),(200106637,'08:40:00','Phone','TRUE',990,63139,2363184,'Demi','F',32,'No',0,'No',3259,'IC','Invest Cont',745,'VANDALISM - MISDEAMEANOR ($399',306,'ROCK/THROWN OBJECT',4),(200106644,'15:00:00','In-Person','TRUE',425,119320,1549276,'Dino','M',41,'No',0,'No',3251,'IC','Invest Cont',946,'OTHER MISCELLANEOUS CRIME',204,'FOLDING KNIFE',4),(200106652,'13:40:00','In-Person','TRUE',371,81521,792246,'Kirstin','F',33,'Yes',2,'No',3246,'AA','Adult Arrest',860,'BATTERY WITH SEXUAL CONTACT',201,'KNIFE WITH BLADE OVER 6 INCHES',4),(200106654,'20:45:00','Phone','TRUE',893,73602,716440,'Antionette','F',37,'Yes',4,'No',2041,'IC','Invest Cont',930,'CRIMINAL THREATS - NO WEAPON D',212,'BOTTLE',4),(200106663,'19:30:00','Phone','TRUE',893,117113,2236243,'Starr','F',32,'Yes',1,'No',2041,'IC','Invest Cont',442,'SHOPLIFTING - PETTY THEFT ($95',400,'STRONG-ARM (HANDS, FIST, FEET ',4),(200106664,'21:10:00','Phone','FALSE',990,39998,1340553,'Kerrie','F',34,'No',0,'No',3259,'AO','Adult Other',910,'KIDNAPPING',308,'STICK',4),(200106665,'16:50:00','In-Person','FALSE',893,94282,1421913,'Zariah','F',37,'No',0,'No',2041,'IC','Invest Cont',442,'SHOPLIFTING - PETTY THEFT ($95',400,'STRONG-ARM (HANDS, FIST, FEET ',4),(200106681,'20:20:00','In-Person','TRUE',336,75650,965014,'Marcelo','M',37,'Yes',3,'No',4004,'IC','Invest Cont',740,'VANDALISM - FELONY ($400 & OVE',200,'KNIFE WITH BLADE 6INCHES OR LE',4),(200106683,'04:00:00','Phone','TRUE',223,94091,2183213,'Jaylon','M',40,'Yes',5,'No',1111,'IC','Invest Cont',910,'KIDNAPPING',308,'STICK',4),(200106688,'15:56:00','In-Person','FALSE',990,101927,252412,'Sunny','F',30,'Yes',6,'No',3259,'IC','Invest Cont',946,'OTHER MISCELLANEOUS CRIME',204,'FOLDING KNIFE',4),(200106700,'08:30:00','Phone','TRUE',323,123690,2380102,'Philomena','F',30,'No',0,'No',1023,'IC','Invest Cont',901,'VIOLATION OF RESTRAINING ORDER',101,'REVOLVER',4),(200106703,'22:10:00','Phone','FALSE',336,71760,1298010,'Josef','M',37,'Yes',1,'No',2038,'IC','Invest Cont',442,'SHOPLIFTING - PETTY THEFT ($95',400,'STRONG-ARM (HANDS, FIST, FEET ',4),(200106709,'15:24:00','Phone','TRUE',425,81711,157220,'Astrid','F',34,'No',0,'No',3223,'IC','Invest Cont',740,'VANDALISM - FELONY ($400 & OVE',200,'KNIFE WITH BLADE 6INCHES OR LE',4),(200106710,'12:15:00','In-Person','TRUE',223,82442,1592989,'Raymundo','M',31,'Yes',6,'No',1111,'AA','Adult Arrest',910,'KIDNAPPING',308,'STICK',4),(200106713,'19:45:00','Phone','FALSE',223,120855,352805,'Patrica','F',31,'Yes',2,'No',2033,'IC','Invest Cont',510,'VEHICLE - STOLEN',207,'OTHER KNIFE',4),(200106716,'19:20:00','In-Person','TRUE',336,32187,1158749,'Layton','M',37,'No',0,'No',7010,'IC','Invest Cont',910,'KIDNAPPING',308,'STICK',4),(200106722,'20:00:00','Phone','TRUE',990,38704,1291770,'Brigitte','F',30,'Yes',6,'No',3259,'IC','Invest Cont',888,'TRESPASSING',501,'BOMB THREAT',4),(200106729,'02:45:00','In-Person','TRUE',1001,17890,710060,'Cliff','M',37,'Yes',3,'No',5100,'IC','Invest Cont',624,'BATTERY - SIMPLE ASSAULT',500,'UNKNOWN WEAPON/OTHER WEAPON',4),(200106736,'03:30:00','Phone','FALSE',371,50713,231537,'Jaida','F',31,'No',0,'No',1026,'IC','Invest Cont',901,'VIOLATION OF RESTRAINING ORDER',101,'REVOLVER',4),(200106739,'13:40:00','Phone','FALSE',887,104528,421777,'Fabiola','F',31,'No',0,'No',2041,'IC','Invest Cont',510,'VEHICLE - STOLEN',207,'OTHER KNIFE',4),(200107002,'18:50:00','In-Person','FALSE',990,73350,1632660,'Adonis','M',35,'Yes',1,'No',1028,'IC','Invest Cont',330,'BURGLARY FROM VEHICLE',302,'BLUNT INSTRUMENT',4),(200109376,'22:50:00','Phone','TRUE',223,42651,272361,'Linnea','F',37,'No',0,'No',2033,'IC','Invest Cont',310,'BURGLARY',113,'SIMULATED GUN',4),(200109519,'13:26:00','Phone','FALSE',990,29630,2240583,'Tate','M',41,'No',0,'No',3259,'IC','Invest Cont',740,'VANDALISM - FELONY ($400 & OVE',200,'KNIFE WITH BLADE 6INCHES OR LE',2),(200109618,'18:45:00','Phone','TRUE',371,96090,507204,'Liz','F',37,'No',0,'No',4004,'AA','Adult Arrest',230,'ASSAULT WITH DEADLY WEAPON, AG',216,'SCISSORS',4),(200109640,'04:00:00','In-Person','FALSE',887,109173,2000843,'Adaline','F',31,'Yes',1,'No',2040,'IC','Invest Cont',820,'ORAL COPULATION',998,'SCIRROR',4),(200109693,'11:45:00','Phone','FALSE',371,107812,116255,'Aliza','F',35,'No',0,'No',4004,'AA','Adult Arrest',440,'THEFT PLAIN - PETTY ($950 & UN',102,'HAND GUN',4),(200109827,'11:05:00','Phone','FALSE',223,115675,1533576,'Jaqueline','F',33,'Yes',2,'No',2033,'IC','Invest Cont',330,'BURGLARY FROM VEHICLE',302,'BLUNT INSTRUMENT',3),(200111059,'17:00:00','In-Person','FALSE',223,81313,1700758,'Finley','F',39,'Yes',1,'No',2033,'IC','Invest Cont',910,'KIDNAPPING',308,'STICK',3),(200112245,'01:00:00','In-Person','FALSE',990,98689,903099,'Norris','M',32,'No',0,'No',3259,'IC','Invest Cont',440,'THEFT PLAIN - PETTY ($950 & UN',102,'HAND GUN',3),(200112448,'17:00:00','In-Person','FALSE',336,72693,205457,'Ally','F',36,'No',0,'No',4004,'IC','Invest Cont',310,'BURGLARY',113,'SIMULATED GUN',4),(200117954,'12:45:00','In-Person','FALSE',223,75829,2385316,'Coleman','M',36,'Yes',4,'Yes',2033,'IC','Invest Cont',442,'SHOPLIFTING - PETTY THEFT ($95',400,'STRONG-ARM (HANDS, FIST, FEET ',1),(200117988,'20:00:00','Email','FALSE',990,28518,1401622,'Arielle','M',36,'Yes',7,'No',3259,'IC','Invest Cont',510,'VEHICLE - STOLEN',207,'OTHER KNIFE',1),(200118182,'18:00:00','Phone','FALSE',371,35147,1981837,'Darian','M',40,'No',0,'No',4004,'IC','Invest Cont',330,'BURGLARY FROM VEHICLE',302,'BLUNT INSTRUMENT',3),(200118253,'17:00:00','Phone','TRUE',990,42281,123456,'Andria','F',32,'No',0,'No',1028,'IC','Invest Cont',420,'THEFT FROM MOTOR VEHICLE - PET',506,'FIRE',4),(200118281,'21:30:00','Phone','TRUE',223,12943,847059,'Beckett','M',34,'Yes',7,'No',2033,'IC','Invest Cont',624,'BATTERY - SIMPLE ASSAULT',500,'UNKNOWN WEAPON/OTHER WEAPON',3),(200118692,'04:10:00','In-Person','TRUE',336,6105,11292,'Cecile','M',36,'Yes',3,'No',1029,'IC','Invest Cont',210,'ROBBERY',515,'PHYSICAL PRESENCE',2),(200200503,'07:20:00','In-Person','TRUE',1001,117748,507926,'Myah','F',31,'No',0,'No',7100,'IC','Invest Cont',442,'SHOPLIFTING - PETTY THEFT ($95',400,'STRONG-ARM (HANDS, FIST, FEET ',4),(200200504,'14:30:00','In-Person','FALSE',990,2565,95535,'Thomas (Annie Louis','F',32,'No',0,'No',3259,'IC','Invest Cont',236,'INTIMATE PARTNER - AGGRAVATED',205,'KITCHEN KNIFE',4),(200200509,'01:00:00','Email','FALSE',323,26889,1664023,'James Vivian (Lulu','M',36,'No',0,'No',2034,'AA','Adult Arrest',210,'ROBBERY',515,'PHYSICAL PRESENCE',4),(200200511,'10:30:00','Email','TRUE',893,21105,2034814,'Lyyli Karoliina','M',39,'No',0,'No',4002,'IC','Invest Cont',230,'ASSAULT WITH DEADLY WEAPON, AG',216,'SCISSORS',4),(200200512,'15:45:00','Email','TRUE',893,52692,308569,'William John','F',37,'Yes',1,'No',4003,'IC','Invest Cont',210,'ROBBERY',515,'PHYSICAL PRESENCE',4),(200200515,'01:30:00','Email','TRUE',223,37581,1775413,'Catharina','F',40,'No',0,'No',1031,'IC','Invest Cont',330,'BURGLARY FROM VEHICLE',302,'BLUNT INSTRUMENT',4),(200200516,'15:40:00','Email','FALSE',336,79471,1558999,'Stanio','M',37,'No',0,'No',4004,'IC','Invest Cont',740,'VANDALISM - FELONY ($400 & OVE',200,'KNIFE WITH BLADE 6INCHES OR LE',4),(200200518,'18:00:00','In-Person','TRUE',261,117123,1156803,'David','M',33,'Yes',7,'No',2034,'IC','Invest Cont',236,'INTIMATE PARTNER - AGGRAVATED',205,'KITCHEN KNIFE',4),(200200521,'10:40:00','In-Person','FALSE',1001,54256,532390,'Leo','M',40,'Yes',7,'No',7100,'IC','Invest Cont',441,'THEFT PLAIN - ATTEMPT',995,'CHEMICAL',4),(200200526,'16:30:00','Email','TRUE',1001,21527,2199330,'Ernst Gilbert (Anna','M',32,'No',0,'No',7100,'IC','Invest Cont',740,'VANDALISM - FELONY ($400 & OVE',200,'KNIFE WITH BLADE 6INCHES OR LE',4),(200200527,'23:00:00','In-Person','TRUE',371,48883,1644721,'Viktor Richard','F',32,'No',0,'No',4004,'IC','Invest Cont',330,'BURGLARY FROM VEHICLE',302,'BLUNT INSTRUMENT',4),(200200528,'13:00:00','Phone','TRUE',990,116398,661177,'Phillippe','F',39,'Yes',1,'No',3259,'IC','Invest Cont',946,'OTHER MISCELLANEOUS CRIME',204,'FOLDING KNIFE',4),(200200529,'20:00:00','Email','TRUE',322,103494,303026,'Charles V (Ada Mari','F',35,'Yes',5,'No',2034,'IC','Invest Cont',740,'VANDALISM - FELONY ($400 & OVE',200,'KNIFE WITH BLADE 6INCHES OR LE',4),(200204446,'23:00:00','Phone','TRUE',261,49485,881539,'Mohammed','M',35,'Yes',7,'No',2034,'AA','Adult Arrest',910,'KIDNAPPING',308,'STICK',3),(200204971,'20:30:00','Phone','FALSE',990,6095,92008,'Delmar','M',32,'Yes',3,'No',3259,'IC','Invest Cont',510,'VEHICLE - STOLEN',207,'OTHER KNIFE',3),(200208099,'01:45:00','In-Person','TRUE',1001,3852,1847829,'Abe','M',31,'No',0,'No',7100,'IC','Invest Cont',230,'ASSAULT WITH DEADLY WEAPON, AG',216,'SCISSORS',4),(200208234,'19:00:00','Phone','FALSE',990,105788,2170400,'Sloane','F',37,'Yes',2,'No',3259,'IC','Invest Cont',740,'VANDALISM - FELONY ($400 & OVE',200,'KNIFE WITH BLADE 6INCHES OR LE',4),(200208239,'18:00:00','Phone','FALSE',990,65552,730248,'Kelsi','F',32,'No',0,'No',3259,'IC','Invest Cont',510,'VEHICLE - STOLEN',207,'OTHER KNIFE',4),(200208253,'13:20:00','Phone','FALSE',336,88401,575324,'Lynnette','M',40,'Yes',3,'No',4004,'IC','Invest Cont',623,'BATTERY POLICE (SIMPLE)',215,'MACHETE',3),(200208266,'19:40:00','Phone','TRUE',371,101821,2240683,'Lemuel','M',34,'Yes',5,'No',4004,'IC','Invest Cont',623,'BATTERY POLICE (SIMPLE)',215,'MACHETE',4),(200208267,'02:30:00','Phone','TRUE',990,83556,2321897,'Janiya','F',37,'Yes',1,'No',2037,'IC','Invest Cont',310,'BURGLARY',113,'SIMULATED GUN',4),(200215059,'02:50:00','Phone','FALSE',223,22935,644965,'Wilford','M',41,'No',0,'No',2042,'IC','Invest Cont',626,'INTIMATE PARTNER - SIMPLE ASSA',109,'SEMI-AUTOMATIC PISTOL',4),(200215063,'18:00:00','Phone','FALSE',322,70807,1311420,'Markus','M',39,'Yes',4,'No',2034,'IC','Invest Cont',510,'VEHICLE - STOLEN',207,'OTHER KNIFE',3),(200306227,'18:00:00','In-Person','FALSE',371,83790,1671553,'Colette','M',34,'Yes',7,'No',4004,'IC','Invest Cont',510,'VEHICLE - STOLEN',207,'OTHER KNIFE',1),(200309004,'01:00:00','Phone','FALSE',990,29943,917739,'Merrill','M',31,'No',0,'Yes',1028,'IC','Invest Cont',740,'VANDALISM - FELONY ($400 & OVE',200,'KNIFE WITH BLADE 6INCHES OR LE',3),(200309072,'04:00:00','Phone','FALSE',1001,91564,2104234,'Aliya','F',33,'No',0,'No',7100,'AA','Adult Arrest',740,'VANDALISM - FELONY ($400 & OVE',200,'KNIFE WITH BLADE 6INCHES OR LE',4),(200311971,'10:00:00','Phone','TRUE',223,72565,2104038,'Matthias','M',34,'Yes',3,'No',2042,'IC','Invest Cont',900,'VIOLATION OF COURT ORDER',223,'UNKNOWN TYPE CUTTING INSTRUMEN',4),(200312028,'01:25:00','Phone','TRUE',336,121854,784806,'Letha','M',41,'Yes',6,'No',4004,'IC','Invest Cont',251,'SHOTS FIRED AT INHABITED DWELL',303,'BRASS KNUCKLES',2),(200312037,'21:10:00','Phone','TRUE',425,8633,788153,'Stacia','F',34,'No',0,'No',2036,'IC','Invest Cont',624,'BATTERY - SIMPLE ASSAULT',500,'UNKNOWN WEAPON/OTHER WEAPON',4),(200312841,'19:30:00','Phone','FALSE',1001,33799,822615,'Suzette','M',32,'No',0,'No',5555,'IC','Invest Cont',510,'VEHICLE - STOLEN',207,'OTHER KNIFE',2),(200317330,'20:00:00','In-Person','FALSE',371,71488,1161829,'Ollie','M',40,'No',0,'No',4004,'IC','Invest Cont',480,'BIKE - STOLEN',504,'DEMAND NOTE',3),(200317339,'15:00:00','Phone','TRUE',1001,107223,2005163,'Ari','M',30,'No',0,'No',7100,'IC','Invest Cont',341,'THEFT-GRAND ($950.01 & OVER)EX',208,'RAZOR',3),(200317549,'06:30:00','In-Person','FALSE',336,35652,328927,'Aldo','M',32,'No',0,'No',4004,'IC','Invest Cont',510,'VEHICLE - STOLEN',207,'OTHER KNIFE',3),(200317571,'10:40:00','Email','FALSE',1001,33423,1365700,'Garland','M',34,'Yes',3,'No',7100,'IC','Invest Cont',210,'ROBBERY',515,'PHYSICAL PRESENCE',1),(200400694,'14:35:00','In-Person','FALSE',990,80066,1152661,'Charley','M',33,'Yes',6,'No',3259,'IC','Invest Cont',230,'ASSAULT WITH DEADLY WEAPON, AG',216,'SCISSORS',1),(200404158,'22:00:00','Phone','TRUE',223,26367,880061,'Marilynn','F',30,'Yes',6,'No',4444,'IC','Invest Cont',510,'VEHICLE - STOLEN',207,'OTHER KNIFE',3),(200404614,'13:45:00','Phone','FALSE',261,6864,170100,'Belle','M',30,'Yes',7,'No',2034,'IC','Invest Cont',624,'BATTERY - SIMPLE ASSAULT',500,'UNKNOWN WEAPON/OTHER WEAPON',2),(200404630,'21:30:00','Phone','TRUE',990,2184,2285628,'Nash','M',39,'No',0,'Yes',1028,'IC','Invest Cont',330,'BURGLARY FROM VEHICLE',302,'BLUNT INSTRUMENT',3),(200405489,'21:15:00','In-Person','FALSE',223,60003,1489935,'Angelia','M',31,'Yes',3,'No',2042,'AO','Adult Other',946,'OTHER MISCELLANEOUS CRIME',204,'FOLDING KNIFE',1),(200406105,'02:30:00','Phone','FALSE',990,28463,471595,'Raelynn','M',39,'No',0,'Yes',1024,'AO','Adult Other',230,'ASSAULT WITH DEADLY WEAPON, AG',216,'SCISSORS',2),(200406875,'13:30:00','Phone','FALSE',1001,86945,352670,'Alexus','M',33,'No',0,'No',7100,'AA','Adult Arrest',236,'INTIMATE PARTNER - AGGRAVATED',205,'KITCHEN KNIFE',2),(200407198,'04:30:00','Phone','FALSE',990,43931,2024549,'Logan','M',37,'Yes',2,'No',1028,'AO','Adult Other',626,'INTIMATE PARTNER - SIMPLE ASSA',109,'SEMI-AUTOMATIC PISTOL',1),(200407234,'12:00:00','Phone','FALSE',990,85053,1580644,'Natalee','F',34,'Yes',4,'No',3259,'IC','Invest Cont',910,'KIDNAPPING',308,'STICK',4),(200407242,'18:15:00','Phone','FALSE',223,18959,1691248,'Maryam','F',37,'No',0,'No',2042,'IC','Invest Cont',662,'BUNCO, GRAND THEFT',512,'MACE/PEPPER SPRAY',4),(200407269,'14:25:00','Phone','FALSE',371,90485,2270661,'Wilburn','M',40,'No',0,'No',4004,'IC','Invest Cont',330,'BURGLARY FROM VEHICLE',302,'BLUNT INSTRUMENT',4),(200407318,'03:15:00','Phone','FALSE',990,58621,1220639,'Ryker','M',31,'Yes',1,'No',1028,'IC','Invest Cont',740,'VANDALISM - FELONY ($400 & OVE',200,'KNIFE WITH BLADE 6INCHES OR LE',1),(200407371,'13:00:00','Phone','TRUE',1001,25744,1233603,'Alex','F',37,'Yes',1,'No',7100,'IC','Invest Cont',510,'VEHICLE - STOLEN',207,'OTHER KNIFE',4),(200407389,'00:30:00','In-Person','FALSE',223,75625,1404236,'Charlee','F',40,'Yes',1,'No',2042,'IC','Invest Cont',510,'VEHICLE - STOLEN',207,'OTHER KNIFE',3),(200408506,'03:00:00','Phone','FALSE',990,96287,1393915,'Jarred','M',33,'No',0,'No',3259,'IC','Invest Cont',510,'VEHICLE - STOLEN',207,'OTHER KNIFE',3),(200409340,'12:30:00','Phone','FALSE',336,44485,2107640,'Ashly','F',30,'Yes',3,'No',4004,'IC','Invest Cont',420,'THEFT FROM MOTOR VEHICLE - PET',506,'FIRE',4),(200410044,'04:45:00','Phone','FALSE',223,15199,1760385,'Nico','M',40,'Yes',4,'No',2042,'IC','Invest Cont',946,'OTHER MISCELLANEOUS CRIME',204,'FOLDING KNIFE',4),(200411550,'14:40:00','Phone','FALSE',223,23972,81502,'Talon','M',40,'No',0,'No',2042,'IC','Invest Cont',624,'BATTERY - SIMPLE ASSAULT',500,'UNKNOWN WEAPON/OTHER WEAPON',4),(200412940,'10:15:00','Phone','FALSE',223,72790,1295519,'Jayceon','M',37,'Yes',1,'No',2042,'IC','Invest Cont',624,'BATTERY - SIMPLE ASSAULT',500,'UNKNOWN WEAPON/OTHER WEAPON',4),(200500577,'19:00:00','Phone','FALSE',223,105499,2327402,'Kermit','M',31,'Yes',2,'No',2042,'IC','Invest Cont',888,'TRESPASSING',501,'BOMB THREAT',3),(200504494,'13:40:00','In-Person','FALSE',223,66856,1064120,'Kamila','F',31,'Yes',6,'No',2042,'IC','Invest Cont',930,'CRIMINAL THREATS - NO WEAPON D',212,'BOTTLE',4),(200504818,'03:00:00','Phone','TRUE',223,122622,5032,'Shyanne','F',30,'Yes',6,'No',2042,'IC','Invest Cont',626,'INTIMATE PARTNER - SIMPLE ASSA',109,'SEMI-AUTOMATIC PISTOL',4),(200505547,'21:30:00','Phone','FALSE',990,17500,1505742,'Kristal','F',41,'No',0,'No',1028,'IC','Invest Cont',510,'VEHICLE - STOLEN',207,'OTHER KNIFE',3),(200505554,'18:20:00','In-Person','FALSE',1001,33221,1500742,'George','F',33,'No',0,'No',7100,'IC','Invest Cont',510,'VEHICLE - STOLEN',207,'OTHER KNIFE',4),(200506170,'20:00:00','Phone','TRUE',322,27613,2253027,'Reva','M',35,'Yes',1,'No',2034,'AO','Adult Other',930,'CRIMINAL THREATS - NO WEAPON D',212,'BOTTLE',3),(200506268,'19:00:00','Email','FALSE',425,94915,1593583,'Elvira','M',31,'Yes',5,'No',4112,'IC','Invest Cont',440,'THEFT PLAIN - PETTY ($950 & UN',102,'HAND GUN',1),(200506494,'15:30:00','Phone','TRUE',323,106872,1196212,'Braydon','M',39,'No',0,'No',1023,'IC','Invest Cont',236,'INTIMATE PARTNER - AGGRAVATED',205,'KITCHEN KNIFE',3),(200506685,'14:30:00','Phone','TRUE',323,86594,1370988,'Bud','M',41,'Yes',3,'No',2034,'IC','Invest Cont',341,'THEFT-GRAND ($950.01 & OVER)EX',208,'RAZOR',4),(200507056,'21:05:00','Phone','FALSE',990,7931,360245,'Kallie','F',33,'Yes',3,'No',1028,'IC','Invest Cont',740,'VANDALISM - FELONY ($400 & OVE',200,'KNIFE WITH BLADE 6INCHES OR LE',4),(200507248,'22:00:00','Phone','FALSE',1001,63664,2076759,'Lauretta','F',31,'No',0,'No',7100,'IC','Invest Cont',310,'BURGLARY',113,'SIMULATED GUN',4),(200507574,'01:00:00','Phone','FALSE',322,13650,2383444,'Essence','F',30,'No',0,'No',2034,'IC','Invest Cont',740,'VANDALISM - FELONY ($400 & OVE',200,'KNIFE WITH BLADE 6INCHES OR LE',4),(200507649,'21:00:00','Phone','FALSE',990,47176,1999712,'Dinah','F',40,'No',0,'No',3259,'IC','Invest Cont',510,'VEHICLE - STOLEN',207,'OTHER KNIFE',4),(200508100,'15:00:00','In-Person','FALSE',1001,49898,1905815,'Gino','M',33,'Yes',5,'No',7100,'IC','Invest Cont',330,'BURGLARY FROM VEHICLE',302,'BLUNT INSTRUMENT',3),(200510041,'15:30:00','Phone','TRUE',990,101754,2235999,'Avis','M',33,'Yes',1,'No',1028,'IC','Invest Cont',510,'VEHICLE - STOLEN',207,'OTHER KNIFE',2),(200510123,'21:00:00','Phone','FALSE',990,86841,779731,'Monika','F',39,'Yes',2,'No',1028,'IC','Invest Cont',510,'VEHICLE - STOLEN',207,'OTHER KNIFE',4),(200510752,'09:45:00','In-Person','FALSE',223,46944,257841,'Bernardo','M',41,'Yes',6,'No',2042,'IC','Invest Cont',330,'BURGLARY FROM VEHICLE',302,'BLUNT INSTRUMENT',4),(200514132,'10:00:00','Phone','FALSE',223,65202,716390,'Loraine','M',40,'No',0,'No',2042,'IC','Invest Cont',440,'THEFT PLAIN - PETTY ($950 & UN',102,'HAND GUN',2),(200516455,'11:30:00','Phone','TRUE',1001,3958,1857674,'Braeden','M',37,'No',0,'No',7100,'IC','Invest Cont',626,'INTIMATE PARTNER - SIMPLE ASSA',109,'SEMI-AUTOMATIC PISTOL',3),(200606968,'17:30:00','In-Person','TRUE',990,23198,833103,'Elma','M',40,'Yes',3,'No',1028,'IC','Invest Cont',740,'VANDALISM - FELONY ($400 & OVE',200,'KNIFE WITH BLADE 6INCHES OR LE',2),(200608276,'06:30:00','In-Person','FALSE',990,103383,2025912,'Blake','F',34,'Yes',5,'No',3259,'IC','Invest Cont',740,'VANDALISM - FELONY ($400 & OVE',200,'KNIFE WITH BLADE 6INCHES OR LE',4),(200608304,'15:50:00','Phone','FALSE',336,82384,938550,'Lenore','M',36,'Yes',1,'No',3246,'IC','Invest Cont',624,'BATTERY - SIMPLE ASSAULT',500,'UNKNOWN WEAPON/OTHER WEAPON',1),(200608308,'17:00:00','Phone','FALSE',223,94000,158858,'Erin','M',33,'No',0,'No',2042,'IC','Invest Cont',330,'BURGLARY FROM VEHICLE',302,'BLUNT INSTRUMENT',4),(200608336,'11:20:00','Phone','FALSE',1001,120510,328660,'Noe','M',40,'Yes',5,'No',5555,'IC','Invest Cont',624,'BATTERY - SIMPLE ASSAULT',500,'UNKNOWN WEAPON/OTHER WEAPON',2),(200608399,'17:00:00','Phone','FALSE',261,26402,1374751,'Ed','M',33,'Yes',1,'No',2034,'IC','Invest Cont',330,'BURGLARY FROM VEHICLE',302,'BLUNT INSTRUMENT',1),(200608406,'23:45:00','In-Person','FALSE',323,124386,1393512,'Benton','M',31,'No',0,'No',4001,'IC','Invest Cont',660,'COUNTERFEIT',997,'SHORT_KNIFE',4),(200608527,'02:00:00','Phone','FALSE',990,10430,2113444,'Evangelina','F',34,'Yes',2,'No',3259,'IC','Invest Cont',354,'THEFT OF IDENTITY',513,'STUN GUN',4),(200608735,'02:24:00','Phone','FALSE',336,50241,590884,'Rosalinda','F',33,'No',0,'No',4004,'IC','Invest Cont',946,'OTHER MISCELLANEOUS CRIME',204,'FOLDING KNIFE',3),(200610590,'01:08:00','In-Person','FALSE',371,7114,1026006,'Buford','M',31,'No',0,'No',4004,'IC','Invest Cont',236,'INTIMATE PARTNER - AGGRAVATED',205,'KITCHEN KNIFE',4),(200610699,'17:30:00','In-Person','FALSE',223,119797,1690856,'Waylon','M',40,'Yes',6,'No',2042,'IC','Invest Cont',440,'THEFT PLAIN - PETTY ($950 & UN',102,'HAND GUN',1),(200611450,'18:00:00','In-Person','FALSE',425,6111,660508,'Rhoda','M',33,'Yes',3,'No',4005,'IC','Invest Cont',510,'VEHICLE - STOLEN',207,'OTHER KNIFE',1),(200614026,'00:40:00','In-Person','FALSE',336,86242,100469,'Lexi','M',39,'Yes',1,'No',3246,'AA','Adult Arrest',310,'BURGLARY',113,'SIMULATED GUN',1),(200615161,'12:10:00','In-Person','FALSE',990,6550,1225240,'Kathie','F',34,'Yes',6,'No',3259,'AA','Adult Arrest',946,'OTHER MISCELLANEOUS CRIME',204,'FOLDING KNIFE',3),(200700612,'14:00:00','Phone','FALSE',990,46764,1923381,'Sade','F',33,'Yes',5,'No',3259,'IC','Invest Cont',210,'ROBBERY',515,'PHYSICAL PRESENCE',4),(200704808,'16:30:00','In-Person','FALSE',371,44089,887037,'Lauri','F',33,'Yes',2,'No',7010,'IC','Invest Cont',930,'CRIMINAL THREATS - NO WEAPON D',212,'BOTTLE',4),(200704861,'22:00:00','In-Person','FALSE',425,119608,419703,'Clement','M',32,'Yes',6,'No',3261,'IC','Invest Cont',626,'INTIMATE PARTNER - SIMPLE ASSA',109,'SEMI-AUTOMATIC PISTOL',3),(200704900,'22:30:00','Phone','FALSE',425,42278,2018955,'Dario','M',32,'Yes',6,'No',4005,'IC','Invest Cont',510,'VEHICLE - STOLEN',207,'OTHER KNIFE',4),(200705667,'16:11:00','In-Person','TRUE',990,49869,1699810,'Winter','F',35,'Yes',1,'No',1028,'IC','Invest Cont',624,'BATTERY - SIMPLE ASSAULT',500,'UNKNOWN WEAPON/OTHER WEAPON',4),(200707725,'20:00:00','Phone','TRUE',223,122260,964979,'Abram','M',41,'No',0,'No',4111,'IC','Invest Cont',330,'BURGLARY FROM VEHICLE',302,'BLUNT INSTRUMENT',2),(200707745,'15:00:00','Phone','FALSE',261,52187,1314129,'Kasandra','F',36,'Yes',2,'No',2034,'IC','Invest Cont',910,'KIDNAPPING',308,'STICK',4),(200707782,'09:30:00','Phone','TRUE',887,123665,961870,'Ahmed','M',37,'Yes',6,'No',2040,'IC','Invest Cont',850,'INDECENT EXPOSURE',304,'CLUB/BAT',3),(200707993,'05:00:00','In-Person','FALSE',425,51632,465629,'Londyn','M',41,'No',0,'No',4005,'IC','Invest Cont',420,'THEFT FROM MOTOR VEHICLE - PET',506,'FIRE',2),(200709741,'14:53:00','In-Person','FALSE',371,47621,1575444,'Rowan','M',32,'Yes',7,'No',2035,'IC','Invest Cont',624,'BATTERY - SIMPLE ASSAULT',500,'UNKNOWN WEAPON/OTHER WEAPON',1),(200709746,'11:15:00','Phone','FALSE',223,80806,1083785,'Merlin','M',30,'No',0,'No',2042,'IC','Invest Cont',624,'BATTERY - SIMPLE ASSAULT',500,'UNKNOWN WEAPON/OTHER WEAPON',3),(200709854,'11:00:00','In-Person','TRUE',425,40697,1771875,'Micaela','F',34,'No',0,'No',3223,'AO','Adult Other',510,'VEHICLE - STOLEN',207,'OTHER KNIFE',3),(200712903,'20:15:00','In-Person','FALSE',893,81140,175222,'Selma','M',30,'Yes',2,'No',4003,'AO','Adult Other',626,'INTIMATE PARTNER - SIMPLE ASSA',109,'SEMI-AUTOMATIC PISTOL',1),(200713387,'06:00:00','Phone','FALSE',371,97997,1443013,'Olin','M',40,'Yes',7,'No',2035,'IC','Invest Cont',210,'ROBBERY',515,'PHYSICAL PRESENCE',4),(200713982,'02:50:00','Phone','TRUE',990,56845,115917,'Melodie','F',41,'Yes',5,'No',3259,'AA','Adult Arrest',740,'VANDALISM - FELONY ($400 & OVE',200,'KNIFE WITH BLADE 6INCHES OR LE',4),(200804271,'21:55:00','In-Person','FALSE',887,117699,1569287,'Kian','M',33,'Yes',3,'No',5245,'IC','Invest Cont',648,'ARSON',218,'OTHER CUTTING INSTRUMENT',4),(200804426,'12:00:00','Phone','FALSE',425,5577,1911823,'Thurman','M',31,'Yes',3,'No',4005,'AA','Adult Arrest',440,'THEFT PLAIN - PETTY ($950 & UN',102,'HAND GUN',3),(200806879,'07:00:00','In-Person','FALSE',990,69609,2246577,'Debby','F',34,'No',0,'No',3260,'IC','Invest Cont',627,'CHILD ABUSE (PHYSICAL) - SIMPL',999,'KNIFE',4),(200807525,'21:15:00','In-Person','TRUE',990,50259,497308,'Karrie','F',35,'No',0,'No',1028,'IC','Invest Cont',626,'INTIMATE PARTNER - SIMPLE ASSA',109,'SEMI-AUTOMATIC PISTOL',4),(200807638,'23:30:00','Phone','FALSE',425,1201,2194914,'Reece','M',37,'Yes',5,'No',3223,'IC','Invest Cont',740,'VANDALISM - FELONY ($400 & OVE',200,'KNIFE WITH BLADE 6INCHES OR LE',2),(200807646,'07:00:00','Phone','FALSE',223,106901,625178,'Iola','F',33,'Yes',1,'No',4111,'IC','Invest Cont',341,'THEFT-GRAND ($950.01 & OVER)EX',208,'RAZOR',4),(200807657,'13:30:00','In-Person','FALSE',425,122601,2259951,'Bernie','M',33,'No',0,'No',4112,'AA','Adult Arrest',330,'BURGLARY FROM VEHICLE',302,'BLUNT INSTRUMENT',4),(200807928,'17:30:00','Phone','FALSE',990,55853,127484,'Roxanna','F',35,'Yes',6,'No',3259,'IC','Invest Cont',510,'VEHICLE - STOLEN',207,'OTHER KNIFE',3),(200808100,'21:00:00','Phone','TRUE',887,72080,261725,'Jacquelin','F',37,'Yes',3,'No',4010,'IC','Invest Cont',510,'VEHICLE - STOLEN',207,'OTHER KNIFE',4),(200808152,'15:30:00','Phone','FALSE',990,80716,2099606,'Merry','F',36,'Yes',4,'No',1028,'IC','Invest Cont',230,'ASSAULT WITH DEADLY WEAPON, AG',216,'SCISSORS',4),(200809925,'15:00:00','In-Person','FALSE',371,46031,668403,'Russel','M',30,'No',0,'No',3246,'IC','Invest Cont',354,'THEFT OF IDENTITY',513,'STUN GUN',2),(200810082,'23:22:00','In-Person','FALSE',371,111203,1225555,'Meaghan','M',32,'Yes',1,'No',2035,'AO','Adult Other',310,'BURGLARY',113,'SIMULATED GUN',3),(200813946,'14:30:00','In-Person','TRUE',990,104350,2274333,'Emilie','M',30,'Yes',6,'No',3259,'IC','Invest Cont',910,'KIDNAPPING',308,'STICK',1),(200814006,'20:40:00','Phone','FALSE',990,75046,1655027,'Katheryn','F',33,'No',0,'No',1028,'IC','Invest Cont',740,'VANDALISM - FELONY ($400 & OVE',200,'KNIFE WITH BLADE 6INCHES OR LE',3),(200907510,'18:00:00','Phone','TRUE',371,121020,279248,'Griselda','F',31,'Yes',4,'No',2035,'IC','Invest Cont',420,'THEFT FROM MOTOR VEHICLE - PET',506,'FIRE',4),(200907804,'14:25:00','Phone','TRUE',425,17002,1554609,'Richelle','F',36,'Yes',5,'No',3223,'IC','Invest Cont',442,'SHOPLIFTING - PETTY THEFT ($95',400,'STRONG-ARM (HANDS, FIST, FEET ',4),(200907833,'12:30:00','In-Person','TRUE',371,97684,61275,'Uriah','M',33,'No',0,'No',2035,'IC','Invest Cont',354,'THEFT OF IDENTITY',513,'STUN GUN',4),(200907921,'12:00:00','In-Person','TRUE',371,43511,1516621,'Ryann','F',36,'Yes',4,'No',2035,'IC','Invest Cont',624,'BATTERY - SIMPLE ASSAULT',500,'UNKNOWN WEAPON/OTHER WEAPON',4),(200908910,'14:00:00','Phone','FALSE',887,98167,1708469,'Pasquale','M',34,'Yes',4,'No',5245,'IC','Invest Cont',910,'KIDNAPPING',308,'STICK',4),(200910040,'19:50:00','In-Person','TRUE',371,1004,1592854,'Kyle','F',32,'Yes',3,'No',2035,'IC','Invest Cont',745,'VANDALISM - MISDEAMEANOR ($399',306,'ROCK/THROWN OBJECT',4),(200911406,'21:00:00','Phone','FALSE',893,488,83716,'Melva','F',37,'No',0,'No',2040,'IC','Invest Cont',740,'VANDALISM - FELONY ($400 & OVE',200,'KNIFE WITH BLADE 6INCHES OR LE',3),(200914822,'08:00:00','In-Person','TRUE',425,103374,1340253,'Kristyn','F',32,'Yes',4,'No',3223,'IC','Invest Cont',354,'THEFT OF IDENTITY',513,'STUN GUN',4),(200914871,'01:00:00','Phone','FALSE',990,44,1949791,'Davin','M',32,'Yes',1,'No',3260,'IC','Invest Cont',354,'THEFT OF IDENTITY',513,'STUN GUN',4),(201007631,'16:45:00','Email','TRUE',990,78358,721270,'Nell','M',32,'Yes',2,'No',1028,'IC','Invest Cont',761,'BRANDISH WEAPON',307,'VEHICLE',1),(201007646,'18:00:00','Phone','FALSE',371,96425,1858428,'Marianna','M',41,'Yes',3,'No',1026,'IC','Invest Cont',910,'KIDNAPPING',308,'STICK',3),(201009428,'17:00:00','Phone','FALSE',990,37971,2162157,'Alijah','M',33,'Yes',7,'No',3260,'AA','Adult Arrest',510,'VEHICLE - STOLEN',207,'OTHER KNIFE',4),(201009440,'10:40:00','Phone','FALSE',990,60386,205871,'Gayla','F',30,'No',0,'No',3260,'IC','Invest Cont',761,'BRANDISH WEAPON',307,'VEHICLE',4),(201009466,'12:00:00','Phone','FALSE',990,75235,475120,'Robert','M',30,'Yes',4,'No',1028,'IC','Invest Cont',649,'DOCUMENT FORGERY / STOLEN FELO',311,'HAMMER',2),(201011142,'11:40:00','Phone','FALSE',425,20347,1820584,'Kaley','F',37,'Yes',1,'No',4005,'IC','Invest Cont',442,'SHOPLIFTING - PETTY THEFT ($95',400,'STRONG-ARM (HANDS, FIST, FEET ',3),(201012616,'01:05:00','Email','FALSE',990,93528,2301872,'Dottie','F',34,'Yes',1,'No',3260,'IC','Invest Cont',740,'VANDALISM - FELONY ($400 & OVE',200,'KNIFE WITH BLADE 6INCHES OR LE',4),(201013217,'01:00:00','Email','TRUE',990,60585,90440,'Rosalind','M',33,'Yes',3,'No',1028,'IC','Invest Cont',910,'KIDNAPPING',308,'STICK',1),(201107660,'09:10:00','Phone','FALSE',425,106446,1574265,'Jeannine','M',40,'Yes',3,'No',3223,'IC','Invest Cont',341,'THEFT-GRAND ($950.01 & OVER)EX',208,'RAZOR',1),(201107718,'07:00:00','Phone','FALSE',990,44041,638592,'Suzanna','F',33,'Yes',7,'No',1028,'IC','Invest Cont',510,'VEHICLE - STOLEN',207,'OTHER KNIFE',4),(201107739,'01:00:00','In-Person','FALSE',425,11528,641657,'Arely','F',35,'No',0,'No',3223,'IC','Invest Cont',331,'THEFT FROM MOTOR VEHICLE - GRA',312,'PIPE/METAL PIPE',4),(201107767,'14:30:00','Phone','TRUE',990,18101,345335,'Karol','F',36,'Yes',5,'No',3260,'IC','Invest Cont',420,'THEFT FROM MOTOR VEHICLE - PET',506,'FIRE',4),(201107786,'09:00:00','In-Person','FALSE',425,39818,1611942,'Elisha','M',36,'No',0,'No',3223,'IC','Invest Cont',910,'KIDNAPPING',308,'STICK',3),(201107830,'19:00:00','Phone','FALSE',371,40649,1604002,'Izaiah','M',33,'Yes',5,'No',1026,'IC','Invest Cont',946,'OTHER MISCELLANEOUS CRIME',204,'FOLDING KNIFE',4),(201107832,'07:00:00','Phone','TRUE',323,792,1286591,'Jaylin','M',34,'No',0,'No',3258,'IC','Invest Cont',440,'THEFT PLAIN - PETTY ($950 & UN',102,'HAND GUN',4),(201107834,'21:30:00','Email','FALSE',371,105828,2133458,'Charlie','M',39,'Yes',7,'No',7010,'IC','Invest Cont',910,'KIDNAPPING',308,'STICK',1),(201109803,'23:45:00','In-Person','FALSE',425,10247,1583684,'Chaim','M',41,'Yes',6,'No',4005,'IC','Invest Cont',900,'VIOLATION OF COURT ORDER',223,'UNKNOWN TYPE CUTTING INSTRUMEN',4),(201109834,'12:30:00','Email','FALSE',893,10126,699629,'Jarrett','M',32,'Yes',2,'No',5245,'IC','Invest Cont',888,'TRESPASSING',501,'BOMB THREAT',1),(201109908,'14:00:00','Phone','FALSE',990,14155,2112618,'Marybeth','F',37,'No',0,'No',1028,'IC','Invest Cont',330,'BURGLARY FROM VEHICLE',302,'BLUNT INSTRUMENT',4),(201109966,'17:00:00','Phone','FALSE',425,3766,88700,'Rico','M',34,'No',0,'No',4005,'IC','Invest Cont',510,'VEHICLE - STOLEN',207,'OTHER KNIFE',4),(201110704,'19:45:00','In-Person','FALSE',1001,27534,2251802,'Kaia','F',41,'No',0,'No',7100,'IC','Invest Cont',310,'BURGLARY',113,'SIMULATED GUN',4),(201113788,'00:30:00','In-Person','FALSE',425,113702,1543923,'Cleveland','M',33,'Yes',2,'No',3223,'IC','Invest Cont',230,'ASSAULT WITH DEADLY WEAPON, AG',216,'SCISSORS',1),(201200602,'18:50:00','Phone','TRUE',990,16074,1365521,'Unknown','M',30,'No',0,'No',1028,'IC','Invest Cont',822,'HUMAN TRAFFICKING - COMMERCIAL',996,'POWDER',4),(201208548,'17:30:00','In-Person','FALSE',371,81067,1088215,'Madge','F',30,'Yes',1,'Yes',2035,'IC','Invest Cont',763,'STALKING',111,'STARTER PISTOL/REVOLVER',3),(201209220,'23:20:00','Phone','TRUE',425,30565,1323504,'Eddy','M',41,'Yes',1,'No',1033,'IC','Invest Cont',626,'INTIMATE PARTNER - SIMPLE ASSA',109,'SEMI-AUTOMATIC PISTOL',3),(201209656,'09:00:00','Phone','TRUE',425,13904,1707987,'Braylen','M',40,'Yes',2,'No',4005,'IC','Invest Cont',510,'VEHICLE - STOLEN',207,'OTHER KNIFE',4),(201209821,'09:00:00','In-Person','TRUE',425,5206,1270550,'Marlee','F',36,'Yes',3,'Yes',3223,'IC','Invest Cont',624,'BATTERY - SIMPLE ASSAULT',500,'UNKNOWN WEAPON/OTHER WEAPON',3),(201209869,'16:20:00','Phone','TRUE',425,60247,2339951,'Lura','F',35,'No',0,'No',1033,'IC','Invest Cont',210,'ROBBERY',515,'PHYSICAL PRESENCE',4),(201209886,'02:40:00','In-Person','TRUE',425,112931,625970,'Jazlyn','F',35,'Yes',6,'Yes',4005,'IC','Invest Cont',510,'VEHICLE - STOLEN',207,'OTHER KNIFE',3),(201209935,'22:30:00','In-Person','TRUE',990,65698,2254229,'Theo','M',37,'No',0,'No',1028,'IC','Invest Cont',420,'THEFT FROM MOTOR VEHICLE - PET',506,'FIRE',3),(201211518,'07:35:00','Phone','FALSE',425,30471,492042,'Kitty','F',31,'Yes',6,'No',3223,'IC','Invest Cont',236,'INTIMATE PARTNER - AGGRAVATED',205,'KITCHEN KNIFE',4),(201213326,'03:45:00','In-Person','FALSE',887,95766,2033094,'Katina','F',37,'Yes',1,'No',2040,'IC','Invest Cont',350,'THEFT, PERSON',221,'GLASS',4),(201213516,'03:00:00','Phone','FALSE',990,121303,75308,'Colten','M',34,'Yes',6,'No',3260,'IC','Invest Cont',624,'BATTERY - SIMPLE ASSAULT',500,'UNKNOWN WEAPON/OTHER WEAPON',3),(201213641,'16:40:00','Email','FALSE',336,63186,1899725,'Holden','M',33,'Yes',1,'No',2035,'IC','Invest Cont',910,'KIDNAPPING',308,'STICK',1),(201213837,'21:30:00','Phone','TRUE',990,76931,363386,'Kris','F',39,'Yes',6,'No',1028,'IC','Invest Cont',330,'BURGLARY FROM VEHICLE',302,'BLUNT INSTRUMENT',3),(201213840,'10:00:00','Phone','FALSE',425,75048,387206,'Christiana','F',41,'Yes',2,'No',4005,'IC','Invest Cont',901,'VIOLATION OF RESTRAINING ORDER',101,'REVOLVER',4),(201214491,'13:45:00','In-Person','FALSE',425,90483,615354,'Vance','M',40,'Yes',3,'No',4005,'IC','Invest Cont',745,'VANDALISM - MISDEAMEANOR ($399',306,'ROCK/THROWN OBJECT',1),(201218195,'02:00:00','In-Person','FALSE',990,32169,1552309,'Viviana','M',33,'Yes',3,'No',3260,'AA','Adult Arrest',236,'INTIMATE PARTNER - AGGRAVATED',205,'KITCHEN KNIFE',1),(201219885,'08:35:00','Phone','FALSE',425,105465,1327000,'Kobe','M',34,'Yes',4,'Yes',3223,'AO','Adult Other',626,'INTIMATE PARTNER - SIMPLE ASSA',109,'SEMI-AUTOMATIC PISTOL',2),(201220752,'12:30:00','In-Person','FALSE',336,64657,1099669,'Imogene','M',25,'Yes',2,'No',2035,'IC','Invest Cont',745,'VANDALISM - MISDEAMEANOR ($399',306,'ROCK/THROWN OBJECT',1),(201221820,'06:00:00','Phone','TRUE',425,90459,1557076,'Ignacio','M',40,'Yes',6,'No',4112,'AO','Adult Other',624,'BATTERY - SIMPLE ASSAULT',500,'UNKNOWN WEAPON/OTHER WEAPON',2),(201222549,'16:20:00','Phone','TRUE',990,15156,1776699,'Brice','M',41,'No',0,'No',3260,'AO','Adult Other',903,'CONTEMPT OF COURT',107,'OTHER FIREARM',3),(201308123,'12:00:00','In-Person','FALSE',425,67910,1195242,'Johan','M',40,'Yes',4,'No',3223,'AA','Adult Arrest',230,'ASSAULT WITH DEADLY WEAPON, AG',216,'SCISSORS',4),(201308493,'19:30:00','In-Person','TRUE',893,112717,1065870,'Evelynn','F',31,'Yes',1,'No',2040,'IC','Invest Cont',930,'CRIMINAL THREATS - NO WEAPON D',212,'BOTTLE',4),(201308739,'12:10:00','Email','FALSE',425,75149,528988,'Conor','M',32,'Yes',3,'No',3223,'IC','Invest Cont',510,'VEHICLE - STOLEN',207,'OTHER KNIFE',1),(201308743,'12:00:00','Phone','FALSE',893,53619,183148,'Sarina','F',41,'Yes',1,'No',5245,'AA','Adult Arrest',910,'KIDNAPPING',308,'STICK',4),(201308747,'11:59:00','Phone','TRUE',425,52553,430880,'Deann','F',31,'No',0,'No',4005,'IC','Invest Cont',341,'THEFT-GRAND ($950.01 & OVER)EX',208,'RAZOR',4),(201311184,'16:00:00','In-Person','TRUE',425,61299,1194334,'Tillie','F',31,'Yes',6,'No',4005,'IC','Invest Cont',761,'BRANDISH WEAPON',307,'VEHICLE',3),(201311512,'15:10:00','Phone','FALSE',425,84640,659645,'Magdalene','F',33,'No',0,'No',3223,'IC','Invest Cont',626,'INTIMATE PARTNER - SIMPLE ASSA',109,'SEMI-AUTOMATIC PISTOL',4),(201311628,'11:00:00','In-Person','FALSE',425,81768,1073360,'Audra','M',41,'Yes',5,'No',4005,'IC','Invest Cont',310,'BURGLARY',113,'SIMULATED GUN',1),(201312345,'19:00:00','Phone','FALSE',990,12159,340097,'Jerry','M',37,'Yes',1,'No',3260,'IC','Invest Cont',510,'VEHICLE - STOLEN',207,'OTHER KNIFE',2),(201312607,'00:30:00','Email','FALSE',371,69516,1255682,'Timmy','M',40,'Yes',3,'No',7010,'IC','Invest Cont',510,'VEHICLE - STOLEN',207,'OTHER KNIFE',1),(201316957,'23:50:00','Phone','TRUE',425,93666,1209387,'Chadwick','M',40,'Yes',6,'No',3223,'IC','Invest Cont',753,'DISCHARGE FIREARMS/SHOTS FIRED',122,'HECKLER & KOCH 93 SEMIAUTOMATI',3),(201317336,'14:00:00','In-Person','FALSE',336,32760,494312,'Latrice','F',35,'Yes',5,'No',2035,'AA','Adult Arrest',624,'BATTERY - SIMPLE ASSAULT',500,'UNKNOWN WEAPON/OTHER WEAPON',4),(201408698,'07:30:00','In-Person','TRUE',990,71192,2038879,'Lenard','M',33,'Yes',6,'No',1028,'IC','Invest Cont',210,'ROBBERY',515,'PHYSICAL PRESENCE',4),(201408832,'08:30:00','Phone','FALSE',336,26223,104582,'Stefan','M',33,'Yes',3,'No',2035,'IC','Invest Cont',341,'THEFT-GRAND ($950.01 & OVER)EX',208,'RAZOR',1),(201408837,'03:15:00','In-Person','FALSE',336,1996,1282059,'Izabella','M',40,'Yes',3,'No',3246,'IC','Invest Cont',420,'THEFT FROM MOTOR VEHICLE - PET',506,'FIRE',1),(201408982,'07:20:00','Phone','FALSE',371,84684,757789,'Lilliana','M',40,'No',0,'No',2035,'IC','Invest Cont',888,'TRESPASSING',501,'BOMB THREAT',2),(201408997,'00:48:00','Email','TRUE',425,31929,1289373,'Kinsley','M',32,'Yes',1,'No',3223,'IC','Invest Cont',623,'BATTERY POLICE (SIMPLE)',215,'MACHETE',1),(201409377,'04:20:00','Phone','TRUE',425,63864,2109705,'Berenice','F',36,'Yes',1,'No',4005,'IC','Invest Cont',310,'BURGLARY',113,'SIMULATED GUN',4),(201410241,'19:10:00','Phone','FALSE',425,107643,2045929,'Chantelle','F',37,'No',0,'No',4005,'IC','Invest Cont',946,'OTHER MISCELLANEOUS CRIME',204,'FOLDING KNIFE',4),(201410383,'08:30:00','In-Person','TRUE',371,24860,781592,'Dallas','F',40,'Yes',1,'Yes',4004,'IC','Invest Cont',624,'BATTERY - SIMPLE ASSAULT',500,'UNKNOWN WEAPON/OTHER WEAPON',3),(201411482,'21:30:00','Phone','FALSE',425,25424,684112,'Lessie','F',40,'Yes',2,'No',4005,'IC','Invest Cont',341,'THEFT-GRAND ($950.01 & OVER)EX',208,'RAZOR',3),(201411580,'12:00:00','Phone','TRUE',425,91701,64818,'Carlie','F',39,'Yes',5,'No',3223,'IC','Invest Cont',668,'EMBEZZLEMENT, GRAND THEFT ($95',310,'CONCRETE BLOCK/BRICK',3),(201411581,'17:00:00','Phone','TRUE',425,117893,2204588,'Lyndon','M',41,'No',0,'No',4005,'IC','Invest Cont',310,'BURGLARY',113,'SIMULATED GUN',4),(201411615,'21:36:00','In-Person','FALSE',425,86356,2345490,'Landen','M',36,'Yes',3,'No',2036,'IC','Invest Cont',330,'BURGLARY FROM VEHICLE',302,'BLUNT INSTRUMENT',1),(201412463,'12:30:00','Phone','FALSE',990,122144,348526,'Dusty','M',31,'No',0,'No',1028,'IC','Invest Cont',860,'BATTERY WITH SEXUAL CONTACT',201,'KNIFE WITH BLADE OVER 6 INCHES',4),(201417233,'14:17:00','In-Person','FALSE',371,45129,1305160,'Antony','M',39,'No',0,'No',2038,'IC','Invest Cont',762,'LEWD CONDUCT',309,'BOARD',4),(201417322,'11:00:00','Phone','TRUE',223,76766,456590,'Selina','M',33,'Yes',6,'No',2042,'IC','Invest Cont',341,'THEFT-GRAND ($950.01 & OVER)EX',208,'RAZOR',2),(201417336,'19:00:00','Phone','FALSE',990,2563,693530,'Samara','M',32,'No',0,'No',1028,'IC','Invest Cont',440,'THEFT PLAIN - PETTY ($950 & UN',102,'HAND GUN',1),(201417565,'16:00:00','Phone','FALSE',990,31666,1422286,'Nanette','M',39,'No',0,'Yes',1028,'IC','Invest Cont',310,'BURGLARY',113,'SIMULATED GUN',2),(201418075,'20:30:00','In-Person','TRUE',425,77412,572025,'Pattie','F',36,'Yes',3,'No',4005,'IC','Invest Cont',230,'ASSAULT WITH DEADLY WEAPON, AG',216,'SCISSORS',4),(201421459,'01:15:00','In-Person','FALSE',371,68859,2259427,'Coral','F',37,'Yes',4,'No',2038,'IC','Invest Cont',236,'INTIMATE PARTNER - AGGRAVATED',205,'KITCHEN KNIFE',4),(201506981,'18:00:00','Email','FALSE',336,82005,1549835,'Ryan','M',34,'Yes',3,'No',1026,'IC','Invest Cont',440,'THEFT PLAIN - PETTY ($950 & UN',102,'HAND GUN',1),(201507211,'10:30:00','Phone','FALSE',425,9209,1279963,'Jadon','M',32,'No',0,'No',3223,'IC','Invest Cont',330,'BURGLARY FROM VEHICLE',302,'BLUNT INSTRUMENT',4),(201507932,'04:20:00','In-Person','FALSE',371,23961,2117547,'Maximus','M',31,'Yes',2,'No',4004,'AA','Adult Arrest',930,'CRIMINAL THREATS - NO WEAPON D',212,'BOTTLE',1),(201507975,'22:30:00','Phone','FALSE',336,3031,733611,'Katelin','F',36,'Yes',5,'No',1027,'IC','Invest Cont',236,'INTIMATE PARTNER - AGGRAVATED',205,'KITCHEN KNIFE',4),(201508054,'19:30:00','Phone','FALSE',425,115140,1558309,'Iliana','F',36,'Yes',1,'No',3223,'IC','Invest Cont',624,'BATTERY - SIMPLE ASSAULT',500,'UNKNOWN WEAPON/OTHER WEAPON',4),(201508084,'16:00:00','In-Person','FALSE',990,36643,46749,'Daren','M',34,'Yes',2,'No',1028,'IC','Invest Cont',320,'BURGLARY, ATTEMPTED',114,'AIR PISTOL/REVOLVER/RIFLE/BB G',4),(201508097,'04:00:00','Phone','FALSE',425,76289,499902,'Moriah','F',30,'No',0,'No',4005,'IC','Invest Cont',330,'BURGLARY FROM VEHICLE',302,'BLUNT INSTRUMENT',4),(201508177,'18:00:00','In-Person','TRUE',425,60937,12844,'Lashonda','F',39,'No',0,'No',3223,'IC','Invest Cont',510,'VEHICLE - STOLEN',207,'OTHER KNIFE',4),(201509575,'17:50:00','In-Person','FALSE',336,120975,694470,'Tyree','M',41,'Yes',1,'No',3245,'IC','Invest Cont',624,'BATTERY - SIMPLE ASSAULT',500,'UNKNOWN WEAPON/OTHER WEAPON',3),(201510214,'21:30:00','In-Person','TRUE',425,20530,762101,'Landyn','M',36,'Yes',6,'No',1034,'IC','Invest Cont',310,'BURGLARY',113,'SIMULATED GUN',4),(201510569,'01:00:00','Email','FALSE',336,83236,2027197,'Jeanine','M',32,'Yes',6,'No',2035,'IC','Invest Cont',310,'BURGLARY',113,'SIMULATED GUN',1),(201510679,'18:00:00','Phone','FALSE',990,97083,328214,'Averie','F',40,'Yes',1,'No',1028,'IC','Invest Cont',510,'VEHICLE - STOLEN',207,'OTHER KNIFE',4),(201510689,'15:00:00','In-Person','FALSE',336,30619,1254602,'Chanel','M',31,'Yes',2,'No',3245,'IC','Invest Cont',440,'THEFT PLAIN - PETTY ($950 & UN',102,'HAND GUN',2),(201510749,'01:50:00','Phone','FALSE',425,3444,2359482,'Tess','F',31,'No',0,'No',4005,'IC','Invest Cont',210,'ROBBERY',515,'PHYSICAL PRESENCE',3),(201511255,'08:00:00','Phone','FALSE',990,37123,287182,'Anahi','M',40,'No',0,'No',1028,'IC','Invest Cont',420,'THEFT FROM MOTOR VEHICLE - PET',506,'FIRE',3),(201515377,'20:30:00','Phone','FALSE',336,75164,1355429,'Tessie','F',35,'Yes',2,'No',3245,'IC','Invest Cont',230,'ASSAULT WITH DEADLY WEAPON, AG',216,'SCISSORS',4),(201515403,'20:20:00','In-Person','TRUE',223,112145,1614194,'Houston','M',41,'Yes',5,'No',4111,'IC','Invest Cont',310,'BURGLARY',113,'SIMULATED GUN',3),(201516189,'17:30:00','In-Person','TRUE',887,31306,165528,'Tana','F',33,'Yes',1,'No',4010,'IC','Invest Cont',745,'VANDALISM - MISDEAMEANOR ($399',306,'ROCK/THROWN OBJECT',4),(201516877,'19:00:00','Phone','FALSE',990,115870,806256,'Frederic','M',36,'No',0,'No',3260,'IC','Invest Cont',510,'VEHICLE - STOLEN',207,'OTHER KNIFE',3),(210806111,'12:00:00','Phone','FALSE',425,82724,1716577,'Retha','F',39,'No',0,'No',1034,'IC','Invest Cont',740,'VANDALISM - FELONY ($400 & OVE',200,'KNIFE WITH BLADE 6INCHES OR LE',4),(210905381,'12:00:00','Phone','FALSE',990,108433,1322299,'Brook','F',39,'Yes',1,'No',3260,'IC','Invest Cont',236,'INTIMATE PARTNER - AGGRAVATED',205,'KITCHEN KNIFE',4),(211005965,'08:00:00','Phone','FALSE',990,72184,961791,'Sarai','M',32,'No',0,'No',3260,'IC','Invest Cont',341,'THEFT-GRAND ($950.01 & OVER)EX',208,'RAZOR',2),(211008707,'16:57:00','Phone','FALSE',893,57592,79412,'Brandie','M',36,'Yes',1,'No',4010,'IC','Invest Cont',354,'THEFT OF IDENTITY',513,'STUN GUN',2),(211507896,'08:45:00','In-Person','FALSE',990,31357,291433,'Flossie','M',36,'Yes',7,'No',1028,'IC','Invest Cont',354,'THEFT OF IDENTITY',513,'STUN GUN',2),(211509299,'09:00:00','Phone','TRUE',887,45593,1480980,'Nestor','M',35,'No',0,'No',4010,'IC','Invest Cont',354,'THEFT OF IDENTITY',513,'STUN GUN',4);
/*!40000 ALTER TABLE `report_t` ENABLE KEYS */;
UNLOCK TABLES;

--
-- Table structure for table `victim_t`
--

DROP TABLE IF EXISTS `victim_t`;
/*!40101 SET @saved_cs_client     = @@character_set_client */;
/*!50503 SET character_set_client = utf8mb4 */;
CREATE TABLE `victim_t` (
  `victim_code` int NOT NULL,
  `victim_name` varchar(20) DEFAULT NULL,
  `victim_sex` char(1) DEFAULT NULL,
  `victim_age` int DEFAULT NULL,
  `was_victim_alone` varchar(3) DEFAULT NULL,
  `is_victim_insured` varchar(3) DEFAULT NULL,
  PRIMARY KEY (`victim_code`)
) ENGINE=InnoDB DEFAULT CHARSET=utf8mb4 COLLATE=utf8mb4_0900_ai_ci;
/*!40101 SET character_set_client = @saved_cs_client */;

--
-- Dumping data for table `victim_t`
--

LOCK TABLES `victim_t` WRITE;
/*!40000 ALTER TABLE `victim_t` DISABLE KEYS */;
INSERT INTO `victim_t` VALUES (41,'Mariah','F',35,'Yes','Yes'),(44,'Nettie','F',35,'No','No'),(277,'Willie','F',37,'Yes','No'),(347,'Ginger','F',54,'Yes','No'),(353,'Carlton','M',55,'Yes','Yes'),(445,'Grant','M',47,'Yes','Yes'),(488,'Abraham','M',49,'Yes','Yes'),(534,'Valerie','F',36,'Yes','Yes'),(714,'Sandy','F',51,'Yes','No'),(777,'Darren','M',54,'Yes','Yes'),(792,'Rachelle','F',59,'No','Yes'),(855,'Archie','M',36,'No','No'),(1004,'Orville','M',58,'No','Yes'),(1016,'Jose','M',58,'Yes','Yes'),(1201,'Chad','M',30,'Yes','Yes'),(1349,'Janet','F',57,'Yes','Yes'),(1430,'Teresa','F',55,'Yes','Yes'),(1539,'Griffin','M',44,'Yes','No'),(1582,'Cora','F',56,'Yes','No'),(1616,'Bernice','F',48,'Yes','Yes'),(1871,'Andrea','F',50,'Yes','Yes'),(1996,'Dorothy','F',32,'Yes','Yes'),(2006,'Dora','F',49,'Yes','No'),(2033,'Agnes','F',46,'Yes','No'),(2062,'Christopher','M',46,'Yes','Yes'),(2184,'Mamie','F',58,'No','No'),(2352,'Meagan','F',39,'Yes','No'),(2364,'Parker','M',19,'Yes','Yes'),(2501,'Haley','F',57,'Yes','No'),(2563,'Sebastian','M',52,'Yes','Yes'),(2565,'Trina','F',55,'No','Yes'),(2685,'Irving','M',42,'No','Yes'),(2750,'Hazel','F',31,'Yes','Yes'),(2812,'Rosemary','F',35,'Yes','No'),(2991,'Alan','M',35,'Yes','Yes'),(3031,'Kim','M',49,'Yes','Yes'),(3124,'Alicia','F',5,'Yes','Yes'),(3423,'Pearl','F',49,'Yes','No'),(3444,'Josiah','M',36,'Yes','No'),(3583,'Jacquelyn','F',38,'No','No'),(3663,'Gavin','M',57,'Yes','Yes'),(3710,'Lonnie','M',59,'No','Yes'),(3724,'Patricia','F',51,'Yes','Yes'),(3727,'Clayton','M',36,'Yes','Yes'),(3766,'Charity','F',52,'Yes','Yes'),(3852,'Toby','M',49,'No','Yes'),(3913,'Curtis','M',47,'Yes','Yes'),(3958,'Brendan','M',44,'No','No'),(4311,'Hayden','M',33,'Yes','No'),(4357,'Manuel','M',44,'Yes','No'),(4358,'Colton','M',49,'Yes','Yes'),(4625,'Jayden','M',54,'Yes','Yes'),(4670,'Marco','M',7,'Yes','Yes'),(4723,'Melanie','F',51,'Yes','Yes'),(4823,'Steve','M',32,'Yes','Yes'),(4862,'Danielle','F',55,'Yes','Yes'),(4892,'Cedric','M',10,'No','No'),(4972,'Dean','M',38,'Yes','Yes'),(5046,'Jennie','F',31,'Yes','Yes'),(5049,'Flora','F',58,'No','Yes'),(5206,'Summer','F',37,'No','No'),(5311,'Marc','M',33,'Yes','Yes'),(5577,'Derrick','M',60,'Yes','Yes'),(5591,'Karina','F',32,'No','No'),(5713,'Alfonso','M',48,'No','Yes'),(5838,'Candace','F',35,'No','Yes'),(5879,'Marie','F',52,'Yes','Yes'),(5963,'Vivian','F',30,'Yes','Yes'),(6095,'Brady','M',39,'Yes','Yes'),(6105,'Danny','M',50,'Yes','Yes'),(6111,'Karen','F',34,'Yes','Yes'),(6351,'Elisa','F',57,'No','Yes'),(6371,'Levi','M',5,'Yes','Yes'),(6474,'Melissa','F',54,'Yes','Yes'),(6550,'Maxine','F',41,'Yes','No'),(6566,'Willis','M',56,'No','No'),(6635,'Kristy','F',50,'No','Yes'),(6864,'Lynn','F',39,'Yes','No'),(6887,'Byron','M',46,'Yes','Yes'),(7007,'Nolan','M',6,'Yes','No'),(7114,'Rosemarie','F',35,'Yes','Yes'),(7139,'Phyllis','F',35,'Yes','Yes'),(7231,'Latoya','F',59,'Yes','Yes'),(7400,'Harvey','M',57,'Yes','No'),(7593,'Eileen','F',42,'Yes','Yes'),(7632,'Kara','F',42,'Yes','No'),(7737,'Gina','F',56,'Yes','Yes'),(7896,'Malcolm','M',50,'No','No'),(7931,'Allie','F',32,'Yes','No'),(8086,'Cindy','F',55,'Yes','Yes'),(8185,'Ernesto','M',41,'No','No'),(8289,'Sherry','F',49,'Yes','Yes'),(8355,'Sandra','F',37,'Yes','Yes'),(8484,'Wallace','M',56,'No','Yes'),(8633,'Noelle','F',56,'No','Yes'),(8634,'Myron','M',51,'Yes','No'),(8983,'Paul','M',1,'Yes','Yes'),(8996,'Cara','F',33,'Yes','No'),(9069,'Carrie','F',31,'Yes','Yes'),(9209,'Junior','M',39,'Yes','No'),(9223,'Madison','F',54,'Yes','Yes'),(9255,'Dominick','M',33,'No','Yes'),(9515,'Sherri','F',60,'Yes','Yes'),(9522,'Antonio','M',60,'Yes','Yes'),(9730,'Josie','F',41,'No','No'),(9862,'Ezra','M',7,'Yes','Yes'),(9870,'Dianna','F',50,'Yes','Yes'),(9871,'James','M',25,'Yes','Yes'),(9905,'Candice','F',44,'Yes','Yes'),(9976,'Marcus','M',54,'Yes','Yes'),(10013,'Marisa','F',33,'No','Yes'),(10069,'Bruce','M',41,'Yes','Yes'),(10077,'Kevin','M',51,'Yes','Yes'),(10126,'Grace','F',47,'Yes','Yes'),(10131,'Rose','F',49,'Yes','Yes'),(10134,'Chance','M',53,'Yes','Yes'),(10170,'Tamara','F',53,'Yes','No'),(10218,'Will','M',7,'Yes','Yes'),(10247,'Goldie','F',57,'Yes','Yes'),(10430,'Demetrius','M',52,'Yes','Yes'),(10541,'Roman','M',7,'Yes','No'),(10610,'Leon','M',53,'Yes','Yes'),(10956,'Caroline','F',48,'Yes','Yes'),(11101,'Mason','M',4,'Yes','Yes'),(11192,'Joy','F',30,'Yes','Yes'),(11253,'Jeremiah','M',33,'Yes','Yes'),(11360,'Margaret','F',53,'Yes','Yes'),(11507,'Myles','M',7,'No','No'),(11528,'Delia','F',34,'No','Yes'),(11545,'Carson','M',37,'Yes','Yes'),(11559,'Rickey','M',51,'No','Yes'),(11631,'Daryl','M',46,'No','Yes'),(11665,'Anna','F',33,'Yes','Yes'),(11671,'Hugh','M',59,'No','No'),(11679,'Bradley','M',50,'Yes','Yes'),(11758,'Reagan','F',53,'Yes','No'),(11905,'Luke','M',54,'Yes','Yes'),(11924,'Scarlett','F',54,'Yes','Yes'),(12089,'Sheila','F',49,'Yes','Yes'),(12151,'Gracie','F',31,'No','Yes'),(12159,'Miguel','M',59,'Yes','No'),(12295,'Giselle','F',56,'Yes','No'),(12493,'Pamela','F',2,'Yes','Yes'),(12545,'Allison','F',38,'Yes','Yes'),(12605,'Clara','F',44,'Yes','Yes'),(12777,'Clifton','M',38,'No','Yes'),(12872,'Crystal','F',54,'Yes','Yes'),(12943,'Autumn','F',37,'Yes','No'),(12961,'Riley','M',53,'Yes','No'),(13012,'Austin','M',36,'Yes','Yes'),(13068,'Martin','M',55,'Yes','Yes'),(13098,'Emma','F',47,'Yes','Yes'),(13258,'Tracy','F',33,'Yes','Yes'),(13264,'Rick','M',54,'Yes','No'),(13278,'Gerardo','M',53,'No','Yes'),(13294,'Lucia','F',50,'Yes','No'),(13508,'Adrian','M',35,'Yes','Yes'),(13521,'Alexia','F',44,'Yes','Yes'),(13650,'Jeannie','F',39,'No','Yes'),(13654,'Doreen','F',47,'No','Yes'),(13668,'Tammy','F',4,'Yes','Yes'),(13700,'Bobby','M',42,'Yes','Yes'),(13767,'Kelsey','F',42,'Yes','No'),(13787,'Herman','M',31,'Yes','Yes'),(13802,'Max','M',37,'Yes','Yes'),(13904,'Lizzie','F',41,'No','No'),(13946,'Yesenia','F',36,'No','No'),(13967,'Eleanor','F',57,'Yes','Yes'),(13984,'Tyson','M',52,'No','Yes'),(14067,'Seth','M',56,'Yes','Yes'),(14145,'Mackenzie','F',41,'Yes','Yes'),(14155,'Lottie','F',41,'No','No'),(14284,'Mattie','F',6,'Yes','Yes'),(14306,'Benjamin','M',51,'Yes','Yes'),(14422,'Jaxon','M',42,'No','No'),(14718,'Jada','F',51,'No','Yes'),(14755,'Angelica','F',58,'Yes','No'),(14758,'Franklin','M',39,'Yes','No'),(14770,'Angel','F',52,'Yes','Yes'),(14936,'Kathy','F',31,'Yes','Yes'),(14966,'Carmen','F',52,'Yes','No'),(15022,'Casey','F',49,'Yes','Yes'),(15112,'Johnnie','M',39,'Yes','Yes'),(15156,'Mabel','F',41,'Yes','Yes'),(15185,'Devin','M',49,'Yes','No'),(15199,'Damien','M',44,'No','Yes'),(15322,'Christine','F',49,'Yes','Yes'),(15403,'Ernest','M',4,'Yes','Yes'),(15449,'Arthur','M',4,'Yes','Yes'),(15599,'Carl','M',30,'Yes','Yes'),(15868,'Heidi','F',49,'Yes','Yes'),(16074,'Angeline','F',57,'Yes','Yes'),(16115,'Robin','F',36,'Yes','Yes'),(16117,'Yolanda','F',48,'Yes','No'),(16239,'Mya','F',7,'No','Yes'),(16247,'Loretta','F',53,'Yes','No'),(16258,'Daniela','F',36,'No','Yes'),(16339,'Rachel','F',37,'Yes','Yes'),(16377,'Scott','M',47,'Yes','Yes'),(16406,'Tina','F',42,'Yes','Yes'),(16692,'Louise','F',42,'Yes','Yes'),(16719,'Faye','F',48,'No','No'),(16786,'Teri','F',35,'Yes','No'),(16878,'Louis','M',55,'Yes','Yes'),(16891,'Kelley','F',52,'Yes','Yes'),(16913,'Devon','M',60,'No','No'),(17002,'Tatiana','F',56,'No','Yes'),(17191,'Jayla','F',38,'Yes','No'),(17291,'Lena','F',31,'Yes','No'),(17304,'Alfred','M',59,'Yes','Yes'),(17486,'Mila','F',44,'Yes','Yes'),(17500,'Willard','M',33,'Yes','No'),(17526,'Ian','M',39,'Yes','Yes'),(17562,'Lindsey','F',46,'Yes','No'),(17759,'Alexandria','F',41,'No','No'),(17841,'Josephine','F',52,'Yes','Yes'),(17890,'Mayra','F',48,'Yes','Yes'),(17897,'Shawna','F',39,'Yes','No'),(18101,'Eden','F',54,'No','Yes'),(18249,'Kristin','F',49,'Yes','No'),(18580,'Erica','F',35,'Yes','Yes'),(18814,'Christy','F',36,'Yes','No'),(18884,'Verna','F',7,'Yes','No'),(18959,'Conrad','M',41,'Yes','Yes'),(19003,'Sheri','F',52,'No','Yes'),(19139,'Anthony','M',42,'Yes','Yes'),(19676,'Constance','F',51,'Yes','No'),(19736,'Virginia','F',42,'Yes','Yes'),(19742,'Bella','F',41,'No','Yes'),(20107,'Marissa','F',51,'Yes','No'),(20291,'Pete','M',55,'Yes','No'),(20336,'Helena','F',34,'Yes','Yes'),(20347,'Miles','M',46,'No','No'),(20530,'Bonita','F',39,'No','Yes'),(20532,'Priscilla','F',46,'Yes','No'),(20567,'Nicolas','M',30,'No','No'),(20603,'Veronica','F',47,'Yes','Yes'),(20696,'Taylor','F',52,'Yes','Yes'),(20878,'Cecelia','F',46,'No','No'),(21042,'Thomas','M',42,'Yes','Yes'),(21105,'Dewey','M',52,'No','Yes'),(21135,'Walter','M',38,'Yes','Yes'),(21174,'Paula','F',41,'Yes','Yes'),(21263,'Tara','F',47,'Yes','No'),(21281,'Derek','M',49,'Yes','Yes'),(21389,'Jenny','F',32,'Yes','No'),(21527,'Jolene','F',30,'No','Yes'),(21677,'Shelia','F',30,'Yes','No'),(21802,'Jasmin','F',48,'No','No'),(21823,'Patrick','M',32,'Yes','Yes'),(22249,'Alissa','F',34,'No','Yes'),(22327,'Lilly','F',53,'No','No'),(22448,'Laura','F',31,'Yes','Yes'),(22523,'Landon','M',44,'Yes','Yes'),(22627,'Wanda','F',15,'Yes','Yes'),(22720,'Caleb','M',39,'Yes','Yes'),(22829,'Donnie','M',58,'Yes','No'),(22935,'Piper','F',7,'No','Yes'),(23005,'Dave','M',7,'No','Yes'),(23198,'Lori','F',34,'Yes','Yes'),(23202,'Ted','M',41,'Yes','Yes'),(23221,'Ty','M',48,'Yes','Yes'),(23244,'Jean','F',46,'Yes','Yes'),(23579,'Maurice','M',48,'Yes','Yes'),(23652,'Neil','M',46,'Yes','Yes'),(23770,'Debbie','F',38,'Yes','Yes'),(23776,'Ray','M',53,'Yes','Yes'),(23961,'Joshua','M',41,'Yes','Yes'),(23972,'Gretchen','F',52,'No','Yes'),(24108,'Shirley','F',1,'Yes','Yes'),(24118,'Aurora','F',54,'No','Yes'),(24133,'Estella','F',51,'No','Yes'),(24165,'Serenity','F',44,'Yes','Yes'),(24431,'Jermaine','M',30,'No','No'),(24604,'Alvin','M',5,'Yes','Yes'),(24737,'Andre','M',33,'Yes','Yes'),(24770,'Kristen','F',35,'Yes','Yes'),(24840,'Freda','F',48,'Yes','Yes'),(24860,'Drew','M',35,'Yes','No'),(24936,'Terry','M',44,'Yes','Yes'),(24966,'Ada','F',37,'Yes','Yes'),(25253,'Ronald','M',41,'Yes','Yes'),(25424,'Hope','F',59,'Yes','Yes'),(25744,'Janine','F',60,'Yes','Yes'),(25761,'Cheyenne','F',32,'Yes','No'),(25943,'Stuart','M',58,'Yes','Yes'),(25953,'Roberto','M',51,'Yes','Yes'),(26063,'Armando','M',54,'No','No'),(26223,'Bryan','M',37,'Yes','Yes'),(26278,'Spencer','M',51,'Yes','Yes'),(26293,'Melinda','F',34,'Yes','Yes'),(26330,'Irma','F',46,'Yes','Yes'),(26367,'Nevaeh','F',33,'No','Yes'),(26402,'Susan','F',31,'Yes','Yes'),(26494,'Ana','F',55,'Yes','No'),(26651,'Charlie','M',37,'Yes','No'),(26760,'Kyla','F',7,'Yes','No'),(26880,'Sara','F',51,'Yes','Yes'),(26889,'Luna','F',48,'Yes','Yes'),(26925,'Dylan','M',30,'Yes','Yes'),(27087,'Carolyn','F',59,'Yes','Yes'),(27367,'Makenzie','F',46,'Yes','No'),(27407,'Jared','M',44,'Yes','Yes'),(27427,'Marsha','F',41,'Yes','Yes'),(27534,'Alberto','M',48,'No','Yes'),(27613,'Myrtle','F',33,'Yes','No'),(27659,'Jamie','M',30,'Yes','No'),(27809,'Edith','F',35,'Yes','Yes'),(27817,'Kelly','M',59,'Yes','No'),(27827,'Guy','M',52,'No','No'),(28068,'Kathryn','F',34,'Yes','Yes'),(28147,'Jim','M',34,'Yes','Yes'),(28161,'Marianne','F',7,'Yes','No'),(28169,'Kenny','M',35,'Yes','Yes'),(28323,'Addie','F',42,'Yes','Yes'),(28403,'Corey','M',39,'Yes','Yes'),(28463,'Jon','M',5,'Yes','Yes'),(28518,'Andrew','M',30,'Yes','Yes'),(28661,'Donna','F',30,'Yes','Yes'),(28772,'Quentin','M',37,'Yes','Yes'),(28837,'Freddie','M',50,'No','Yes'),(28881,'Isabella','F',32,'Yes','Yes'),(28888,'Kaylee','F',6,'Yes','No'),(28956,'Adriana','F',59,'No','Yes'),(28974,'Eva','F',56,'Yes','Yes'),(29061,'Kelly','F',4,'Yes','Yes'),(29215,'Edna','F',48,'Yes','Yes'),(29324,'Roberta','F',39,'Yes','Yes'),(29336,'Annabelle','F',51,'No','No'),(29421,'Sylvia','F',46,'Yes','Yes'),(29439,'Ashlyn','F',50,'Yes','No'),(29502,'Harry','M',30,'Yes','Yes'),(29630,'Wesley','M',30,'Yes','Yes'),(29943,'Belinda','F',56,'No','No'),(30007,'Jeannette','F',7,'Yes','No'),(30014,'Omar','M',31,'Yes','No'),(30037,'Sofia','F',36,'Yes','No'),(30099,'Ellis','M',41,'Yes','Yes'),(30137,'Sophia','F',41,'Yes','Yes'),(30318,'Susie','F',35,'No','Yes'),(30471,'Juliana','F',48,'Yes','No'),(30525,'Brenda','F',31,'Yes','Yes'),(30565,'Tim','M',6,'Yes','No'),(30619,'Angel','M',47,'Yes','Yes'),(30646,'Maryann','F',52,'Yes','Yes'),(30651,'Declan','M',10,'Yes','No'),(30895,'Kennedy','F',47,'Yes','Yes'),(31018,'Allan','M',31,'Yes','No'),(31296,'Jaden','M',56,'Yes','No'),(31306,'Lane','M',32,'No','Yes'),(31357,'Russell','M',56,'Yes','Yes'),(31401,'Clarence','M',50,'Yes','Yes'),(31516,'Tristan','M',39,'Yes','Yes'),(31666,'Molly','F',36,'Yes','Yes'),(31929,'Barbara','F',42,'Yes','Yes'),(32093,'Brianna','F',58,'Yes','Yes'),(32169,'Abigail','F',58,'Yes','Yes'),(32187,'Lenora','F',10,'No','Yes'),(32218,'Dante','M',7,'Yes','No'),(32305,'Eula','F',49,'Yes','Yes'),(32405,'Samuel','M',60,'Yes','Yes'),(32411,'Lorene','F',30,'Yes','Yes'),(32468,'Velma','F',38,'Yes','Yes'),(32556,'Cristian','M',7,'Yes','No'),(32612,'Giovanni','M',46,'Yes','No'),(32711,'Julia','F',55,'Yes','Yes'),(32729,'Lowell','M',34,'No','No'),(32760,'Delilah','F',10,'No','No'),(32919,'Juan','M',4,'Yes','Yes'),(33174,'Johnny','M',38,'Yes','Yes'),(33202,'Marshall','M',47,'Yes','No'),(33221,'Tricia','F',58,'Yes','Yes'),(33233,'Michael','M',25,'Yes','Yes'),(33322,'Javier','M',56,'No','No'),(33419,'Natasha','F',51,'Yes','Yes'),(33423,'Kyle','M',4,'Yes','Yes'),(33547,'Kendall','F',47,'No','No'),(33629,'Bianca','F',51,'Yes','No'),(33632,'Chloe','F',49,'Yes','Yes'),(33649,'Chelsea','F',57,'Yes','No'),(33683,'Joe','M',56,'Yes','Yes'),(33713,'Tommy','M',37,'Yes','Yes'),(33717,'Jonathon','M',38,'No','No'),(33799,'Cathy','F',41,'Yes','Yes'),(33825,'Craig','M',34,'Yes','Yes'),(33913,'Earnest','M',39,'No','No'),(33977,'Joyce','F',39,'Yes','Yes'),(34084,'Adeline','F',30,'No','Yes'),(34117,'Janis','F',7,'No','Yes'),(34296,'Callie','F',53,'No','No'),(34382,'Arturo','M',60,'Yes','No'),(34437,'Don','M',47,'Yes','No'),(34598,'Dale','M',42,'Yes','Yes'),(34717,'Ezekiel','M',44,'No','No'),(34763,'Vicki','F',53,'Yes','No'),(34869,'Chester','M',34,'Yes','No'),(34895,'Stella','F',49,'Yes','No'),(34942,'Darlene','F',46,'Yes','Yes'),(35053,'Bertha','F',41,'Yes','No'),(35060,'Leona','F',55,'Yes','Yes'),(35133,'Duane','M',47,'Yes','No'),(35144,'Brandy','F',47,'Yes','Yes'),(35147,'Clyde','M',33,'Yes','No'),(35223,'Katharine','F',35,'No','Yes'),(35316,'Julio','M',7,'No','Yes'),(35357,'Eunice','F',35,'Yes','Yes'),(35436,'Sawyer','M',55,'Yes','No'),(35474,'Jorge','M',52,'Yes','Yes'),(35578,'Geneva','F',30,'No','Yes'),(35618,'Bryant','M',53,'No','Yes'),(35652,'Chris','M',53,'Yes','No'),(35905,'Pat','F',36,'Yes','No'),(35924,'Elias','M',51,'Yes','No'),(36127,'Wendell','M',33,'No','Yes'),(36207,'Conner','M',57,'Yes','No'),(36357,'Gage','M',57,'Yes','Yes'),(36439,'Rosalie','F',60,'No','No'),(36445,'Charles','M',53,'Yes','Yes'),(36602,'Nellie','F',38,'Yes','Yes'),(36643,'Payton','F',52,'Yes','Yes'),(36668,'Jordyn','F',32,'Yes','Yes'),(36688,'Jordan','M',55,'Yes','Yes'),(36696,'Annette','F',37,'Yes','No'),(36878,'Amelia','F',44,'Yes','No'),(37123,'Sadie','F',30,'Yes','No'),(37144,'Kristie','F',51,'Yes','No'),(37188,'Gabriella','F',49,'Yes','Yes'),(37195,'Kiara','F',44,'Yes','No'),(37365,'Jodi','F',60,'Yes','No'),(37435,'Lindsay','F',31,'Yes','No'),(37452,'Bill','M',58,'Yes','Yes'),(37468,'Lila','F',60,'Yes','Yes'),(37477,'Makayla','F',38,'Yes','No'),(37540,'Shelby','F',57,'Yes','Yes'),(37581,'Chelsey','F',49,'Yes','Yes'),(37612,'Stanley','M',37,'Yes','Yes'),(37719,'Harley','M',32,'Yes','Yes'),(37862,'Micheal','M',60,'Yes','No'),(37912,'Anastasia','F',34,'No','No'),(37965,'Travis','M',48,'Yes','Yes'),(37971,'Francine','F',35,'Yes','Yes'),(38074,'Horace','M',35,'Yes','Yes'),(38258,'Samantha','F',54,'Yes','Yes'),(38266,'Kerry','M',7,'Yes','Yes'),(38373,'Darius','M',51,'Yes','Yes'),(38417,'Gail','F',60,'Yes','Yes'),(38434,'Roger','M',39,'Yes','Yes'),(38517,'Arianna','F',56,'No','No'),(38547,'Dakota','M',36,'No','Yes'),(38704,'Alisa','F',35,'Yes','Yes'),(38829,'Rita','F',38,'Yes','Yes'),(39065,'Serena','F',51,'Yes','No'),(39184,'Bessie','F',5,'Yes','No'),(39187,'Gladys','F',60,'Yes','Yes'),(39203,'Nicholas','M',35,'Yes','Yes'),(39383,'Miranda','F',38,'Yes','Yes'),(39428,'Bridget','F',35,'No','No'),(39467,'Timothy','M',30,'Yes','Yes'),(39562,'Thelma','F',36,'Yes','Yes'),(39602,'Jane','F',55,'Yes','Yes'),(39818,'Ben','M',6,'No','No'),(39859,'Elise','F',32,'No','No'),(39998,'Ashleigh','F',10,'Yes','Yes'),(40063,'Emilia','F',47,'Yes','Yes'),(40377,'Nickolas','M',60,'No','Yes'),(40576,'Kristine','F',55,'No','No'),(40645,'Ellie','F',53,'No','No'),(40649,'Dominique','F',30,'Yes','No'),(40696,'Adam','M',31,'Yes','Yes'),(40697,'Karla','F',32,'No','Yes'),(40727,'Ronnie','M',32,'Yes','No'),(40829,'Eugene','M',35,'Yes','Yes'),(40859,'Erin','F',60,'Yes','Yes'),(41105,'Hattie','F',33,'Yes','Yes'),(41339,'Judith','F',44,'Yes','Yes'),(41615,'Harrison','M',58,'No','Yes'),(41665,'Malik','M',47,'Yes','Yes'),(41703,'Geraldine','F',34,'Yes','Yes'),(41718,'Tyrone','M',38,'Yes','No'),(41878,'Emily','F',49,'Yes','Yes'),(41918,'Dillon','M',33,'No','Yes'),(41976,'Billy','M',46,'Yes','Yes'),(42079,'Mable','F',32,'Yes','No'),(42113,'Bailey','F',55,'No','No'),(42278,'Jewel','F',52,'No','Yes'),(42281,'Phoebe','F',39,'No','Yes'),(42436,'Jimmie','M',44,'Yes','Yes'),(42481,'Jackie','F',60,'No','Yes'),(42651,'Aileen','F',39,'Yes','Yes'),(42700,'Charlene','F',34,'Yes','No'),(43043,'Jerome','M',46,'Yes','Yes'),(43137,'Ervin','M',39,'Yes','Yes'),(43226,'Kaleb','M',56,'Yes','No'),(43423,'Brody','M',37,'Yes','Yes'),(43461,'Alex','M',52,'Yes','Yes'),(43501,'Patty','F',58,'No','Yes'),(43511,'Rena','F',36,'Yes','Yes'),(43743,'Elliott','M',39,'Yes','Yes'),(43783,'Gertrude','F',36,'Yes','Yes'),(43888,'David','M',56,'Yes','Yes'),(43931,'Ryan','M',35,'Yes','Yes'),(43994,'Katie','F',60,'Yes','Yes'),(44019,'Sergio','M',31,'No','No'),(44041,'Sheldon','M',56,'No','Yes'),(44089,'Jaime','F',34,'Yes','Yes'),(44254,'Randolph','M',41,'Yes','Yes'),(44290,'Charlotte','F',42,'Yes','Yes'),(44336,'Alfredo','M',50,'Yes','No'),(44485,'Marcella','F',54,'Yes','No'),(44510,'Gianna','F',41,'Yes','Yes'),(44798,'Deborah','F',2,'Yes','Yes'),(44833,'Carol','F',55,'Yes','Yes'),(44861,'May','F',44,'Yes','No'),(44912,'Frances','F',1,'Yes','Yes'),(44924,'Bonnie','F',32,'Yes','Yes'),(44944,'Etta','F',53,'No','Yes'),(44949,'Lola','F',6,'No','Yes'),(45015,'Gabrielle','F',53,'Yes','No'),(45120,'Toni','F',51,'Yes','Yes'),(45129,'Lynn','M',41,'No','Yes'),(45221,'Braxton','M',55,'No','No'),(45337,'Brad','M',36,'No','No'),(45395,'Kaitlyn','F',50,'Yes','Yes'),(45520,'Felix','M',51,'No','No'),(45541,'Guadalupe','F',39,'No','Yes'),(45593,'Bennett','M',30,'Yes','No'),(45767,'Karl','M',36,'Yes','No'),(45808,'Allyson','F',7,'No','No'),(46007,'Bernard','M',34,'Yes','Yes'),(46031,'Gordon','M',50,'Yes','No'),(46540,'Cesar','M',39,'No','Yes'),(46590,'Tony','M',34,'Yes','Yes'),(46599,'Lance','M',49,'Yes','Yes'),(46764,'Aria','F',49,'Yes','Yes'),(46839,'Sierra','F',30,'Yes','Yes'),(46854,'Nathan','M',1,'Yes','Yes'),(46944,'Delbert','M',33,'Yes','Yes'),(47009,'Savannah','F',52,'Yes','Yes'),(47176,'Adrianna','F',50,'No','No'),(47197,'Rylee','F',30,'No','No'),(47201,'Kim','F',59,'Yes','No'),(47449,'Vicky','F',56,'No','Yes'),(47506,'Gregory','M',36,'Yes','Yes'),(47621,'Katherine','F',1,'Yes','Yes'),(47652,'Claire','F',54,'Yes','Yes'),(47712,'Fredrick','M',7,'Yes','Yes'),(48021,'Randy','M',46,'Yes','Yes'),(48247,'Eliza','F',56,'Yes','Yes'),(48529,'Debra','F',44,'Yes','Yes'),(48575,'Joanne','F',42,'Yes','Yes'),(48578,'Sheryl','F',50,'Yes','No'),(48752,'Tasha','F',58,'No','Yes'),(48758,'Howard','M',36,'Yes','Yes'),(48883,'Clint','M',33,'Yes','Yes'),(48887,'Alisha','F',33,'No','No'),(49194,'Eliana','F',36,'No','Yes'),(49302,'Terrance','M',46,'No','Yes'),(49333,'Lora','F',58,'No','Yes'),(49377,'Ramona','F',57,'No','No'),(49485,'Bob','M',6,'Yes','Yes'),(49605,'Emanuel','M',54,'No','Yes'),(49696,'Isaiah','M',34,'Yes','Yes'),(49869,'Jazmine','F',37,'Yes','Yes'),(49898,'Simon','M',51,'No','Yes'),(50241,'Patsy','F',51,'Yes','Yes'),(50259,'Effie','F',58,'Yes','Yes'),(50269,'Gabriela','F',37,'Yes','Yes'),(50296,'Ruben','M',59,'Yes','No'),(50422,'Irene','F',42,'Yes','Yes'),(50473,'Avery','M',42,'No','No'),(50601,'Kristopher','M',41,'Yes','No'),(50713,'Melba','F',60,'Yes','Yes'),(50874,'Tessa','F',51,'No','No'),(50909,'Isabel','F',41,'Yes','Yes'),(50973,'Shelly','F',59,'Yes','No'),(50989,'Janice','F',53,'Yes','Yes'),(51036,'Valeria','F',57,'Yes','No'),(51053,'Melody','F',47,'No','No'),(51140,'Norman','M',49,'Yes','Yes'),(51586,'Gustavo','M',48,'No','No'),(51617,'Harper','F',38,'No','No'),(51632,'Eddie','M',38,'Yes','Yes'),(51642,'Maria','F',1,'Yes','Yes'),(51958,'Judy','F',4,'Yes','Yes'),(52003,'Caitlin','F',53,'Yes','No'),(52081,'Tyler','M',49,'Yes','Yes'),(52103,'Ashton','M',52,'No','Yes'),(52117,'Sasha','F',48,'No','No'),(52133,'Ebony','F',38,'No','No'),(52187,'Marina','F',10,'Yes','Yes'),(52256,'Claudia','F',55,'Yes','No'),(52299,'Joseph','M',51,'Yes','Yes'),(52352,'Bernadette','F',55,'No','Yes'),(52392,'Jennifer','F',55,'Yes','Yes'),(52451,'Tonya','F',56,'Yes','Yes'),(52553,'Maude','F',32,'No','Yes'),(52558,'Lillian','F',50,'Yes','Yes'),(52692,'Keri','F',58,'No','Yes'),(52991,'Genesis','F',50,'Yes','Yes'),(53072,'Hayley','F',44,'No','No'),(53100,'Jude','M',49,'Yes','No'),(53198,'Michelle','F',58,'Yes','Yes'),(53400,'Kayla','F',32,'Yes','Yes'),(53610,'Virgil','M',31,'No','No'),(53619,'Cornelius','M',10,'Yes','Yes'),(53688,'Elijah','M',48,'Yes','Yes'),(54163,'Emmanuel','M',56,'Yes','Yes'),(54256,'Dorothea','F',34,'No','Yes'),(54362,'Sonja','F',46,'No','Yes'),(54434,'Sydney','F',5,'Yes','No'),(54651,'Kirsten','F',32,'No','No'),(54791,'Alejandro','M',46,'Yes','Yes'),(54970,'Hannah','F',42,'Yes','Yes'),(55270,'Joel','M',5,'Yes','Yes'),(55275,'Calvin','M',46,'Yes','Yes'),(55355,'Sonya','F',37,'Yes','Yes'),(55625,'Kaden','M',58,'No','Yes'),(55662,'Angelo','M',51,'No','No'),(55695,'Troy','M',42,'Yes','Yes'),(55751,'Dominic','M',60,'Yes','No'),(55853,'Lynda','F',41,'Yes','Yes'),(56206,'Kyra','F',34,'No','Yes'),(56276,'Monica','F',59,'Yes','Yes'),(56657,'Raul','M',49,'Yes','No'),(56845,'Lorena','F',34,'Yes','No'),(56937,'Micah','M',33,'Yes','No'),(56957,'Paisley','F',56,'No','No'),(57014,'Leonard','M',36,'Yes','Yes'),(57031,'Pedro','M',42,'Yes','Yes'),(57217,'Madelyn','F',30,'No','No'),(57220,'Laurie','F',30,'Yes','Yes'),(57291,'Myra','F',47,'Yes','Yes'),(57381,'Dennis','M',42,'Yes','Yes'),(57485,'Shelley','F',35,'Yes','Yes'),(57592,'Brett','M',55,'Yes','No'),(57688,'Glenn','M',52,'Yes','Yes'),(57732,'Addison','F',19,'Yes','Yes'),(57818,'Ivan','M',49,'Yes','No'),(57832,'Gary','M',47,'Yes','Yes'),(57905,'Leigh','F',49,'No','No'),(57998,'Isaac','M',32,'Yes','Yes'),(58212,'Wilma','F',33,'Yes','Yes'),(58409,'Liliana','F',51,'No','No'),(58438,'Nelson','M',55,'No','No'),(58439,'Marguerite','F',60,'No','Yes'),(58594,'Raquel','F',32,'No','No'),(58621,'Helen','F',38,'Yes','Yes'),(58804,'Isabelle','F',59,'Yes','No'),(58906,'Beulah','F',60,'No','Yes'),(59000,'Cynthia','F',53,'Yes','Yes'),(59035,'Edwin','M',56,'Yes','Yes'),(59048,'Cristina','F',58,'Yes','No'),(59062,'Cory','M',59,'Yes','No'),(59095,'Jo','F',59,'Yes','Yes'),(59180,'Robert','M',76,'Yes','Yes'),(59278,'Francis','M',52,'Yes','Yes'),(59291,'Ismael','M',47,'Yes','Yes'),(59382,'Rosie','F',36,'No','Yes'),(59467,'Luther','M',42,'Yes','No'),(59530,'Terri','F',60,'Yes','No'),(59784,'Greg','M',37,'Yes','Yes'),(59824,'Vickie','F',47,'Yes','No'),(59970,'Dana','M',33,'No','Yes'),(60003,'Gloria','F',48,'Yes','Yes'),(60169,'Frank','M',58,'Yes','Yes'),(60182,'Morgan','F',39,'Yes','Yes'),(60247,'Terrell','M',44,'No','Yes'),(60386,'Kayden','M',44,'Yes','Yes'),(60420,'Chase','M',52,'Yes','Yes'),(60585,'Mark','M',1,'Yes','Yes'),(60661,'Iris','F',36,'No','No'),(60664,'Skylar','F',57,'No','Yes'),(60733,'Erick','M',31,'Yes','No'),(60738,'Ryder','M',58,'Yes','Yes'),(60900,'Kimberly','F',54,'Yes','Yes'),(60937,'Emilio','M',44,'Yes','No'),(61035,'Wyatt','M',5,'Yes','No'),(61299,'Hector','M',46,'Yes','No'),(61458,'Dana','F',52,'Yes','Yes'),(61487,'Melvin','M',50,'Yes','Yes'),(61619,'Jasmine','F',30,'Yes','Yes'),(61661,'Monique','F',38,'Yes','Yes'),(62005,'Wilbert','M',10,'Yes','No'),(62016,'Mildred','F',47,'Yes','Yes'),(62213,'Catherine','F',41,'Yes','Yes'),(62258,'Kerry','F',41,'Yes','Yes'),(62263,'Homer','M',59,'Yes','Yes'),(62324,'Marion','F',16,'Yes','No'),(62347,'Lucille','F',53,'Yes','Yes'),(62497,'Lucinda','F',34,'No','No'),(62507,'Mia','F',46,'Yes','Yes'),(62509,'Cooper','M',46,'No','Yes'),(63036,'Mercedes','F',7,'No','Yes'),(63123,'Loren','M',50,'No','No'),(63139,'Tori','F',49,'Yes','Yes'),(63186,'Lauren','F',4,'Yes','Yes'),(63221,'Clark','M',52,'No','No'),(63240,'Ethel','F',5,'Yes','Yes'),(63325,'Harriet','F',58,'Yes','Yes'),(63406,'Braden','M',36,'Yes','Yes'),(63664,'Irvin','M',33,'No','Yes'),(63684,'Florence','F',50,'Yes','Yes'),(63711,'Otis','M',33,'Yes','Yes'),(63864,'Carroll','M',44,'No','Yes'),(64001,'Peyton','F',55,'No','No'),(64039,'Sue','F',48,'Yes','No'),(64170,'Katelyn','F',6,'Yes','Yes'),(64277,'Lynne','F',46,'No','No'),(64366,'Tracy','M',42,'Yes','No'),(64373,'Gene','M',6,'Yes','No'),(64375,'Adrienne','F',7,'Yes','No'),(64443,'Edward','M',37,'Yes','Yes'),(64444,'Garry','M',7,'Yes','No'),(64452,'Olga','F',42,'Yes','No'),(64657,'John','M',62,'Yes','Yes'),(64689,'Evelyn','F',33,'Yes','Yes'),(65093,'Lana','F',30,'No','Yes'),(65202,'Renee','F',57,'Yes','Yes'),(65552,'Brock','M',48,'No','No'),(65623,'Ethan','M',52,'Yes','Yes'),(65656,'Nikki','F',54,'No','Yes'),(65657,'Rebecca','F',41,'Yes','Yes'),(65698,'Rachael','F',52,'Yes','No'),(65717,'Rochelle','F',53,'Yes','No'),(65915,'Alaina','F',54,'No','Yes'),(66103,'Connie','F',42,'Yes','Yes'),(66128,'Tracey','F',44,'Yes','No'),(66142,'Tiffany','F',42,'Yes','Yes'),(66172,'Christian','M',33,'Yes','Yes'),(66225,'Hailey','F',35,'Yes','Yes'),(66229,'Jonathan','M',59,'Yes','Yes'),(66251,'Eloise','F',39,'No','No'),(66308,'Kirk','M',47,'Yes','Yes'),(66334,'Nathaniel','M',55,'Yes','Yes'),(66392,'Randall','M',31,'Yes','Yes'),(66517,'Billie','F',47,'Yes','Yes'),(66573,'Lacey','F',30,'No','Yes'),(66746,'Riley','F',33,'Yes','No'),(66856,'Gerard','M',44,'No','Yes'),(67014,'Megan','F',48,'Yes','Yes'),(67158,'Alonzo','M',32,'No','No'),(67303,'Cole','M',52,'Yes','No'),(67321,'Wade','M',31,'Yes','No'),(67532,'Lyle','M',36,'No','No'),(67562,'Marion','M',60,'Yes','No'),(67617,'Leslie','M',51,'Yes','No'),(67785,'Israel','M',52,'No','No'),(67844,'Carolina','F',52,'Yes','Yes'),(67868,'Alondra','F',47,'No','No'),(67910,'Neal','M',59,'No','No'),(67983,'Juanita','F',49,'Yes','Yes'),(68198,'Clarissa','F',48,'No','No'),(68323,'Dawson','M',58,'No','Yes'),(68531,'Trevor','M',52,'Yes','Yes'),(68656,'Marvin','M',37,'Yes','Yes'),(68853,'Jesus','M',41,'Yes','Yes'),(68859,'Henrietta','F',32,'Yes','No'),(68917,'Jack','M',46,'Yes','Yes'),(69047,'Stacy','F',37,'Yes','No'),(69215,'Blake','M',32,'Yes','No'),(69255,'Evan','M',44,'Yes','Yes'),(69478,'Clinton','M',48,'Yes','Yes'),(69516,'Jeffrey','M',30,'Yes','Yes'),(69574,'Milton','M',37,'Yes','Yes'),(69578,'Willie','M',42,'Yes','Yes'),(69609,'Laurence','M',52,'Yes','No'),(69672,'Gerald','M',48,'Yes','Yes'),(69847,'Lloyd','M',30,'Yes','No'),(69879,'Earl','M',39,'Yes','Yes'),(70249,'Kylee','F',57,'Yes','No'),(70331,'Jaime','M',41,'No','No'),(70350,'Trenton','M',30,'Yes','No'),(70367,'Aimee','F',60,'No','Yes'),(70452,'Jesse','M',42,'Yes','Yes'),(70471,'Robyn','F',35,'Yes','No'),(70807,'Elmer','M',33,'Yes','No'),(71036,'Johanna','F',60,'No','No'),(71122,'Rufus','M',35,'No','Yes'),(71174,'Glen','M',39,'Yes','Yes'),(71192,'Esmeralda','F',51,'No','Yes'),(71425,'Johnnie','F',42,'No','Yes'),(71488,'Lewis','M',34,'Yes','No'),(71579,'Yvonne','F',56,'Yes','No'),(71716,'June','F',48,'Yes','Yes'),(71760,'Greyson','M',41,'Yes','Yes'),(71785,'Janelle','F',7,'Yes','No'),(71994,'Marian','F',48,'Yes','Yes'),(72057,'Cassie','F',38,'Yes','Yes'),(72071,'Henry','M',38,'Yes','Yes'),(72080,'Raven','F',52,'No','Yes'),(72184,'Jill','F',58,'Yes','Yes'),(72565,'Dane','M',30,'No','Yes'),(72624,'Sam','M',54,'Yes','No'),(72693,'Corbin','M',55,'No','Yes'),(72731,'Stephen','M',36,'Yes','Yes'),(72790,'Athena','F',47,'No','Yes'),(73080,'Angelina','F',34,'Yes','Yes'),(73273,'Beth','F',38,'Yes','Yes'),(73350,'Ollie','F',54,'Yes','Yes'),(73438,'Benny','M',36,'No','Yes'),(73522,'Sidney','M',55,'No','No'),(73602,'Keegan','M',51,'Yes','Yes'),(73747,'Brooklyn','F',39,'Yes','Yes'),(73813,'Xavier','M',50,'Yes','Yes'),(73927,'Trent','M',53,'Yes','Yes'),(73933,'Kendra','F',47,'No','Yes'),(74206,'Malachi','M',30,'No','No'),(74347,'Katrina','F',44,'Yes','Yes'),(74798,'Silas','M',36,'No','Yes'),(74999,'Viola','F',42,'Yes','No'),(75046,'Reginald','M',49,'Yes','No'),(75048,'Christie','F',49,'Yes','Yes'),(75149,'Sharon','F',34,'Yes','Yes'),(75164,'Shari','F',7,'Yes','No'),(75235,'Peggy','F',36,'Yes','Yes'),(75345,'Joan','F',49,'Yes','Yes'),(75433,'Sherman','M',48,'Yes','Yes'),(75608,'Mallory','F',53,'Yes','No'),(75625,'Terrence','M',42,'No','Yes'),(75650,'Lukas','M',53,'Yes','Yes'),(75671,'Sylvester','M',50,'No','No'),(75829,'Alma','F',48,'Yes','Yes'),(75837,'Santiago','M',49,'No','Yes'),(75945,'Dolores','F',34,'Yes','Yes'),(76037,'Minnie','F',34,'Yes','No'),(76086,'Robin','M',36,'No','No'),(76168,'Ralph','M',4,'Yes','Yes'),(76177,'Kaitlin','F',54,'Yes','No'),(76231,'Heather','F',60,'Yes','Yes'),(76289,'Yvette','F',34,'Yes','Yes'),(76341,'Theodore','M',48,'Yes','Yes'),(76344,'Arlene','F',6,'Yes','No'),(76378,'Genevieve','F',48,'Yes','Yes'),(76390,'Bryce','M',47,'Yes','No'),(76412,'Peyton','M',58,'Yes','No'),(76636,'Damon','M',55,'No','No'),(76705,'Sammy','M',35,'Yes','No'),(76733,'Alice','F',54,'Yes','Yes'),(76766,'Elaine','F',30,'Yes','Yes'),(76931,'Mathew','M',34,'Yes','No'),(77001,'Corinne','F',46,'Yes','No'),(77153,'Nadia','F',7,'Yes','Yes'),(77168,'Penelope','F',58,'No','No'),(77255,'Norma','F',52,'Yes','Yes'),(77358,'Oscar','M',35,'Yes','Yes'),(77412,'Cheri','F',31,'No','Yes'),(77489,'Nichole','F',37,'Yes','No'),(77493,'Lucy','F',32,'Yes','No'),(77494,'Elisabeth','F',30,'Yes','Yes'),(77512,'Meghan','F',52,'Yes','No'),(77896,'Naomi','F',50,'Yes','No'),(77941,'Ayden','M',54,'No','Yes'),(78244,'Matthew','M',56,'Yes','Yes'),(78349,'Jocelyn','F',60,'Yes','Yes'),(78358,'Elizabeth','F',57,'Yes','Yes'),(78560,'Nina','F',36,'Yes','No'),(78763,'Natalie','F',46,'Yes','Yes'),(79036,'Elena','F',53,'Yes','No'),(79121,'Paige','F',38,'Yes','No'),(79354,'Shannon','F',4,'Yes','Yes'),(79362,'Felicia','F',32,'Yes','Yes'),(79466,'Opal','F',49,'No','Yes'),(79471,'Jayson','M',46,'No','Yes'),(79757,'Everett','M',48,'Yes','No'),(79873,'Michaela','F',32,'No','No'),(79986,'Carole','F',52,'Yes','Yes'),(79989,'Layla','F',56,'Yes','Yes'),(80047,'Carlos','M',53,'Yes','Yes'),(80066,'Jeremy','M',44,'Yes','Yes'),(80090,'Floyd','M',54,'Yes','No'),(80499,'Olivia','F',41,'Yes','Yes'),(80507,'Rudolph','M',7,'Yes','No'),(80704,'Sallie','F',30,'No','No'),(80716,'Pablo','M',59,'No','No'),(80806,'Arnold','M',48,'Yes','Yes'),(81067,'Grayson','M',58,'No','No'),(81140,'Kenneth','M',36,'Yes','Yes'),(81248,'Lula','F',30,'Yes','No'),(81313,'Dianne','F',6,'Yes','Yes'),(81325,'Emmett','M',56,'No','Yes'),(81342,'Lorraine','F',44,'Yes','Yes'),(81399,'Bryson','M',54,'Yes','No'),(81411,'Violet','F',5,'Yes','No'),(81521,'Ron','M',47,'Yes','Yes'),(81569,'Cassandra','F',49,'Yes','No'),(81589,'Kent','M',35,'No','No'),(81711,'Reba','F',42,'No','Yes'),(81768,'Eric','M',51,'Yes','Yes'),(81850,'Martha','F',56,'Yes','Yes'),(81875,'Jace','M',46,'No','Yes'),(81894,'Desmond','M',56,'Yes','Yes'),(82003,'Ava','F',55,'Yes','Yes'),(82005,'Stephanie','F',42,'Yes','Yes'),(82030,'Khloe','F',36,'Yes','No'),(82085,'Aiden','M',59,'Yes','Yes'),(82110,'Jacqueline','F',39,'Yes','Yes'),(82213,'Patti','F',56,'No','No'),(82377,'Marjorie','F',59,'Yes','Yes'),(82384,'Cheryl','F',50,'Yes','Yes'),(82389,'Anita','F',59,'Yes','Yes'),(82442,'Reid','M',10,'No','Yes'),(82589,'Leah','F',46,'Yes','Yes'),(82724,'Zane','M',58,'Yes','No'),(82749,'Kai','M',35,'Yes','No'),(82835,'Abby','F',56,'No','No'),(82910,'Alexander','M',46,'Yes','Yes'),(83078,'Muriel','F',38,'Yes','Yes'),(83222,'Jeanette','F',39,'Yes','No'),(83236,'Jerry','M',51,'Yes','Yes'),(83414,'Lucas','M',56,'Yes','Yes'),(83556,'Mindy','F',57,'No','Yes'),(83579,'Mona','F',31,'No','Yes'),(83606,'Sonia','F',39,'Yes','Yes'),(83672,'Justine','F',30,'No','No'),(83712,'Nicole','F',39,'Yes','Yes'),(83790,'Diane','F',37,'Yes','Yes'),(83882,'Eli','M',57,'Yes','No'),(84326,'Natalia','F',48,'No','No'),(84574,'Estelle','F',36,'No','No'),(84640,'Kasey','F',58,'Yes','Yes'),(84659,'Kari','F',39,'No','No'),(84684,'Jessie','F',60,'Yes','No'),(84686,'Raymond','M',51,'Yes','Yes'),(84744,'Lee','M',53,'Yes','Yes'),(84788,'Grady','M',49,'No','Yes'),(84869,'Della','F',7,'No','No'),(85011,'Dan','M',39,'Yes','No'),(85053,'Tami','F',10,'Yes','No'),(85302,'Phillip','M',37,'Yes','Yes'),(85409,'Kelvin','M',34,'Yes','Yes'),(85627,'Leroy','M',16,'Yes','No'),(86037,'Pauline','F',32,'Yes','Yes'),(86200,'Bentley','M',38,'Yes','Yes'),(86242,'Julie','F',41,'Yes','Yes'),(86300,'Becky','F',6,'No','Yes'),(86356,'Angela','F',33,'Yes','Yes'),(86544,'Jackson','M',30,'Yes','Yes'),(86594,'Gregg','M',48,'No','Yes'),(86841,'Edmund','M',36,'No','Yes'),(86945,'Liam','M',56,'Yes','Yes'),(87012,'Cody','M',4,'Yes','Yes'),(87222,'Ida','F',58,'Yes','Yes'),(87768,'Alton','M',54,'Yes','No'),(87926,'Lillie','F',56,'Yes','Yes'),(88033,'Jade','F',33,'Yes','Yes'),(88139,'Rene','M',52,'No','Yes'),(88157,'Lela','F',49,'Yes','Yes'),(88312,'Preston','M',38,'Yes','Yes'),(88401,'Gilbert','M',50,'Yes','Yes'),(88549,'Penny','F',59,'No','Yes'),(88629,'Julius','M',32,'Yes','No'),(88764,'Mitchell','M',46,'Yes','Yes'),(88789,'Joanna','F',58,'Yes','No'),(88818,'Brandon','M',31,'Yes','Yes'),(88984,'Rafael','M',60,'No','No'),(89061,'Richard','M',31,'Yes','Yes'),(89565,'Hilda','F',33,'No','Yes'),(89774,'Delaney','F',31,'Yes','Yes'),(89775,'Lee','F',7,'Yes','Yes'),(89910,'Morgan','M',7,'No','No'),(89999,'Beatrice','F',52,'Yes','No'),(90279,'Jan','F',57,'Yes','No'),(90459,'Herbert','M',42,'Yes','Yes'),(90483,'Nancy','F',32,'Yes','Yes'),(90485,'August','M',46,'No','Yes'),(90976,'Kurt','M',36,'Yes','Yes'),(91036,'Andres','M',34,'No','Yes'),(91038,'Linda','F',59,'Yes','Yes'),(91075,'Lynette','F',32,'No','Yes'),(91171,'Mollie','F',36,'No','Yes'),(91175,'Graham','M',58,'Yes','No'),(91459,'Marlene','F',57,'Yes','No'),(91564,'Tammie','F',51,'No','Yes'),(91701,'Mae','F',34,'Yes','Yes'),(91736,'Holly','F',38,'Yes','Yes'),(91784,'Ariana','F',6,'No','No'),(91864,'Vanessa','F',46,'Yes','Yes'),(92014,'Alexis','M',35,'Yes','Yes'),(92088,'Joann','F',5,'Yes','No'),(92179,'Camila','F',30,'No','Yes'),(92219,'Rhonda','F',5,'Yes','Yes'),(92559,'Desiree','F',38,'No','Yes'),(92591,'Barry','M',53,'Yes','Yes'),(92958,'Aaliyah','F',48,'No','No'),(92985,'Brian','M',1,'Yes','Yes'),(93053,'Laverne','F',37,'Yes','No'),(93152,'Briana','F',32,'No','No'),(93227,'Ernestine','F',51,'Yes','Yes'),(93242,'Francisco','M',59,'Yes','Yes'),(93338,'Moses','M',38,'Yes','No'),(93528,'Brielle','F',39,'No','Yes'),(93623,'Zoe','F',31,'Yes','No'),(93666,'Krystal','F',44,'No','No'),(93782,'Vera','F',34,'Yes','Yes'),(93791,'Destiny','F',31,'Yes','No'),(94000,'Stefanie','F',35,'No','Yes'),(94024,'Selena','F',33,'No','Yes'),(94085,'Doris','F',4,'Yes','Yes'),(94091,'Therese','F',10,'Yes','Yes'),(94133,'Collin','M',38,'Yes','Yes'),(94209,'Kristina','F',35,'Yes','No'),(94269,'Tabitha','F',49,'Yes','Yes'),(94282,'Jameson','M',44,'No','Yes'),(94308,'Mario','M',60,'Yes','No'),(94392,'Julian','M',47,'Yes','Yes'),(94566,'Dwayne','M',38,'No','No'),(94634,'William','M',23,'Yes','Yes'),(94818,'Maggie','F',58,'Yes','No'),(94902,'Whitney','F',19,'Yes','No'),(94915,'Daniel','M',46,'Yes','Yes'),(94937,'Salvatore','M',7,'No','Yes'),(95084,'Weston','M',47,'Yes','Yes'),(95105,'Brittany','F',59,'Yes','Yes'),(95106,'Oliver','M',33,'Yes','Yes'),(95196,'Tom','M',50,'Yes','Yes'),(95408,'Amber','F',48,'Yes','Yes'),(95469,'Wilson','M',60,'No','Yes'),(95508,'Sally','F',33,'Yes','Yes'),(95512,'Mike','M',16,'Yes','No'),(95766,'Cassidy','F',44,'Yes','No'),(96084,'Theresa','F',48,'Yes','Yes'),(96090,'Lucile','F',33,'No','Yes'),(96287,'Maya','F',58,'No','Yes'),(96326,'Bettie','F',57,'No','Yes'),(96354,'Jana','F',7,'Yes','Yes'),(96379,'Enrique','M',53,'No','No'),(96425,'Brent','M',5,'Yes','Yes'),(96458,'Ariel','F',46,'No','Yes'),(96493,'Leo','M',39,'Yes','Yes'),(96570,'Leland','M',33,'Yes','No'),(96626,'Blanche','F',55,'No','Yes'),(96698,'Eduardo','M',32,'Yes','Yes'),(96714,'Alberta','F',60,'No','No'),(97043,'Kelli','F',56,'Yes','No'),(97065,'Alexis','F',53,'Yes','Yes'),(97083,'Clay','M',39,'No','No'),(97118,'Trisha','F',58,'Yes','Yes'),(97492,'Inez','F',60,'No','No'),(97684,'Christa','F',36,'No','Yes'),(97788,'Jaclyn','F',59,'No','No'),(97852,'Courtney','F',53,'Yes','Yes'),(97853,'Jimmy','M',37,'Yes','Yes'),(97883,'Zoey','F',52,'Yes','No'),(97923,'Morris','M',33,'Yes','Yes'),(97997,'Tia','F',42,'Yes','Yes'),(98004,'Fannie','F',39,'Yes','No'),(98140,'Lawrence','M',60,'Yes','Yes'),(98167,'Mandy','F',7,'Yes','No'),(98206,'Wayne','M',49,'Yes','Yes'),(98689,'Maureen','F',60,'Yes','Yes'),(98693,'Ashley','F',56,'Yes','Yes'),(98709,'Dallas','M',35,'Yes','No'),(98732,'Kimberley','F',58,'Yes','No'),(99074,'Alana','F',56,'No','Yes'),(99106,'Shannon','M',7,'Yes','Yes'),(99227,'Tucker','M',35,'Yes','Yes'),(99286,'Amy','F',59,'Yes','Yes'),(99438,'Mary','F',44,'Yes','Yes'),(99506,'Sarah','F',41,'Yes','Yes'),(99517,'Aliyah','F',30,'Yes','No'),(99749,'Jake','M',52,'Yes','Yes'),(99790,'Garrett','M',33,'Yes','Yes'),(99915,'Elsie','F',50,'Yes','Yes'),(99999,'Logan','M',54,'Yes','Yes'),(100216,'Adele','F',56,'No','No'),(100261,'Camden','M',48,'No','Yes'),(100393,'Fern','F',34,'No','Yes'),(100775,'Jamie','F',33,'Yes','Yes'),(100799,'Janie','F',58,'No','No'),(100808,'Alison','F',42,'Yes','No'),(100841,'Ross','M',36,'Yes','No'),(100944,'Lorenzo','M',44,'No','Yes'),(100974,'Gayle','F',33,'No','No'),(101036,'Ora','F',34,'No','Yes'),(101277,'Lincoln','M',56,'No','No'),(101290,'Angie','F',39,'No','Yes'),(101499,'Albert','M',54,'Yes','Yes'),(101567,'Andy','M',51,'No','No'),(101754,'Rosa','F',54,'Yes','Yes'),(101821,'Kaiden','M',48,'No','No'),(101910,'Amanda','F',52,'Yes','Yes'),(101927,'Sherrie','F',32,'No','Yes'),(101986,'Cecilia','F',53,'Yes','No'),(102291,'Celeste','F',30,'Yes','Yes'),(102597,'Jonah','M',49,'Yes','Yes'),(102816,'Erik','M',38,'Yes','Yes'),(102839,'Aidan','M',58,'Yes','No'),(102948,'Audrey','F',50,'Yes','Yes'),(102996,'Harold','M',42,'Yes','Yes'),(103073,'Antoinette','F',31,'Yes','Yes'),(103350,'Frederick','M',32,'Yes','Yes'),(103369,'Tanner','M',30,'Yes','Yes'),(103374,'London','F',52,'Yes','Yes'),(103383,'Ivy','F',35,'Yes','Yes'),(103494,'Frankie','F',52,'Yes','Yes'),(103780,'Ella','F',49,'Yes','Yes'),(103793,'Bennie','M',54,'No','No'),(103804,'Kellie','F',54,'No','Yes'),(103840,'Mateo','M',39,'Yes','Yes'),(104350,'George','M',1,'Yes','Yes'),(104528,'Deloris','F',34,'No','Yes'),(104626,'Leonardo','M',41,'Yes','Yes'),(104653,'Ruby','F',53,'Yes','Yes'),(104668,'Brayden','M',19,'Yes','No'),(104869,'Ruth','F',52,'Yes','Yes'),(104917,'Jody','F',42,'No','No'),(104990,'Connor','M',44,'Yes','Yes'),(105203,'Delores','F',19,'Yes','Yes'),(105412,'Georgia','F',49,'Yes','Yes'),(105465,'Lydia','F',42,'Yes','No'),(105499,'Nora','F',57,'Yes','Yes'),(105565,'Steven','M',48,'Yes','Yes'),(105670,'Ira','M',39,'Yes','No'),(105682,'Vernon','M',48,'Yes','Yes'),(105788,'Hudson','M',46,'Yes','Yes'),(105828,'Jason','M',1,'Yes','Yes'),(105888,'Bethany','F',49,'Yes','No'),(105999,'Brooke','F',35,'Yes','Yes'),(106005,'Jenna','F',52,'Yes','Yes'),(106149,'Mckenzie','F',49,'Yes','No'),(106166,'Jay','M',56,'Yes','No'),(106273,'Elliot','M',41,'No','Yes'),(106309,'Mikayla','F',58,'Yes','No'),(106410,'Claude','M',52,'Yes','Yes'),(106420,'Nick','M',57,'No','No'),(106446,'Peter','M',53,'Yes','Yes'),(106494,'Ashlee','F',7,'No','Yes'),(106497,'Annie','F',4,'Yes','Yes'),(106521,'Rex','M',39,'No','Yes'),(106747,'Cecil','M',37,'Yes','Yes'),(106813,'Betsy','F',54,'Yes','Yes'),(106815,'Keith','M',56,'Yes','Yes'),(106872,'Kate','F',59,'No','No'),(106901,'Woodrow','M',50,'No','No'),(106902,'Fabian','M',33,'Yes','No'),(106992,'Sophie','F',19,'Yes','Yes'),(107223,'Aubrey','F',56,'Yes','Yes'),(107248,'Asher','M',31,'Yes','Yes'),(107260,'Brittney','F',36,'Yes','Yes'),(107320,'Diana','F',44,'Yes','Yes'),(107541,'Noah','M',57,'Yes','Yes'),(107550,'Leila','F',42,'Yes','Yes'),(107640,'Krista','F',36,'Yes','No'),(107643,'Ronda','F',55,'No','Yes'),(107812,'Tommie','M',36,'Yes','Yes'),(107915,'Paulette','F',53,'Yes','No'),(107924,'Traci','F',37,'No','Yes'),(108075,'Erika','F',38,'Yes','No'),(108128,'Carla','F',5,'Yes','No'),(108208,'Jazmin','F',49,'Yes','No'),(108234,'Zachary','M',58,'Yes','Yes'),(108433,'Roderick','M',31,'No','No'),(108450,'Anne','F',30,'Yes','Yes'),(108721,'Jackie','M',59,'No','Yes'),(108767,'Bobbie','F',6,'Yes','No'),(108782,'Margarita','F',58,'Yes','No'),(108805,'Julianna','F',46,'No','No'),(108970,'Wendy','F',58,'Yes','Yes'),(109005,'Ramon','M',49,'No','Yes'),(109119,'Diego','M',19,'Yes','Yes'),(109135,'Larry','M',47,'Yes','Yes'),(109173,'Mack','M',56,'Yes','Yes'),(109374,'Colin','M',52,'Yes','Yes'),(109485,'Noel','M',46,'No','No'),(109499,'Alyssa','F',60,'Yes','Yes'),(109630,'Sean','M',37,'Yes','Yes'),(109681,'Casey','M',41,'Yes','No'),(109751,'Aaron','M',58,'Yes','Yes'),(110057,'Betty','F',49,'Yes','Yes'),(110351,'Kylie','F',19,'Yes','Yes'),(110431,'Madeline','F',50,'Yes','No'),(110686,'Fred','M',36,'Yes','Yes'),(110737,'Marcos','M',42,'No','No'),(110859,'Roy','M',54,'Yes','Yes'),(111129,'Michele','F',48,'Yes','Yes'),(111160,'Fernando','M',38,'Yes','No'),(111203,'Ricardo','M',42,'Yes','No'),(111228,'Dawn','F',49,'Yes','Yes'),(111457,'Damian','M',51,'Yes','Yes'),(111999,'Johnathan','M',31,'No','No'),(112145,'Avery','F',60,'Yes','No'),(112246,'Allen','M',38,'Yes','Yes'),(112327,'Beau','M',60,'Yes','Yes'),(112330,'Owen','M',50,'Yes','Yes'),(112457,'Roxanne','F',46,'Yes','No'),(112470,'Marcia','F',44,'Yes','No'),(112611,'Lily','F',31,'Yes','Yes'),(112717,'Drake','M',52,'No','Yes'),(112767,'Perry','M',41,'Yes','Yes'),(112931,'Dalton','M',47,'Yes','No'),(113127,'Stacey','F',56,'Yes','No'),(113132,'Olive','F',31,'Yes','Yes'),(113328,'Leticia','F',30,'No','Yes'),(113351,'Carly','F',60,'No','No'),(113400,'Colleen','F',60,'Yes','No'),(113489,'Stacie','F',56,'No','Yes'),(113532,'Breanna','F',48,'Yes','Yes'),(113638,'Forrest','M',47,'No','Yes'),(113702,'Marilyn','F',42,'Yes','Yes'),(114217,'Taylor','M',44,'Yes','Yes'),(114274,'Leslie','F',59,'Yes','Yes'),(114625,'Suzanne','F',38,'Yes','Yes'),(114646,'Victoria','F',50,'Yes','Yes'),(114750,'Axel','M',10,'Yes','Yes'),(114870,'Alexandra','F',49,'Yes','Yes'),(115140,'Wilbur','M',54,'Yes','No'),(115295,'Trinity','F',55,'No','No'),(115315,'Salvador','M',48,'No','No'),(115519,'Laurel','F',46,'Yes','Yes'),(115675,'Gwendolyn','F',19,'Yes','No'),(115870,'Terry','F',30,'Yes','No'),(116209,'Roland','M',36,'Yes','No'),(116246,'Tanya','F',48,'Yes','Yes'),(116254,'Jacob','M',55,'Yes','Yes'),(116398,'Lamar','M',32,'No','Yes'),(116461,'Kay','F',51,'Yes','Yes'),(116648,'Denise','F',35,'Yes','Yes'),(116760,'Caden','M',46,'Yes','No'),(117109,'Sabrina','F',55,'Yes','No'),(117113,'Laila','F',49,'Yes','Yes'),(117123,'Amos','M',37,'Yes','Yes'),(117190,'Jeffery','M',54,'Yes','Yes'),(117200,'April','F',39,'Yes','Yes'),(117296,'Esther','F',55,'Yes','Yes'),(117345,'Orlando','M',52,'No','Yes'),(117531,'Jordan','F',51,'Yes','No'),(117699,'Kendall','M',53,'No','Yes'),(117748,'Dakota','F',58,'Yes','Yes'),(117765,'Ricky','M',42,'Yes','Yes'),(117893,'Marla','F',44,'Yes','No'),(117910,'Alejandra','F',48,'No','Yes'),(118210,'Madeleine','F',52,'Yes','No'),(118272,'Jasper','M',50,'Yes','Yes'),(118341,'Kristi','F',36,'Yes','Yes'),(118388,'Meredith','F',48,'Yes','No'),(118391,'Cameron','M',36,'Yes','Yes'),(118474,'Douglas','M',52,'Yes','Yes'),(118490,'Hunter','M',57,'Yes','Yes'),(118501,'Darrell','M',38,'Yes','No'),(118544,'Camille','F',30,'Yes','No'),(118605,'Caitlyn','F',42,'Yes','Yes'),(118634,'Hanna','F',57,'No','Yes'),(118765,'Jeanne','F',49,'Yes','No'),(118774,'Lisa','F',30,'Yes','Yes'),(118900,'Erma','F',59,'No','No'),(119037,'Darla','F',37,'Yes','Yes'),(119320,'Jalen','M',59,'No','Yes'),(119425,'Josue','M',52,'No','Yes'),(119461,'Rudy','M',55,'Yes','Yes'),(119519,'Alexa','F',46,'Yes','Yes'),(119543,'Philip','M',55,'Yes','Yes'),(119608,'Misty','F',55,'Yes','No'),(119611,'Nadine','F',49,'No','No'),(119663,'Ann','F',41,'Yes','Yes'),(119797,'Christina','F',54,'Yes','Yes'),(119981,'Vincent','M',34,'Yes','Yes'),(120088,'Kerri','F',41,'No','Yes'),(120104,'Rebekah','F',58,'Yes','Yes'),(120125,'Geoffrey','M',55,'No','No'),(120175,'Beverly','F',37,'Yes','Yes'),(120353,'Maxwell','M',46,'No','Yes'),(120423,'Winifred','F',58,'No','Yes'),(120441,'Dustin','M',41,'Yes','Yes'),(120477,'Celia','F',41,'Yes','Yes'),(120510,'Gabriel','M',46,'Yes','Yes'),(120514,'Skyler','M',49,'Yes','No'),(120628,'Clifford','M',36,'Yes','No'),(120767,'Easton','M',58,'No','Yes'),(120777,'Donald','M',53,'Yes','Yes'),(120784,'Jeff','M',60,'Yes','No'),(120806,'Miriam','F',52,'Yes','Yes'),(120855,'Patrice','F',60,'No','Yes'),(120906,'Jessie','M',35,'Yes','Yes'),(120975,'Darryl','M',59,'Yes','Yes'),(121020,'Bette','F',38,'No','Yes'),(121032,'Edgar','M',54,'Yes','Yes'),(121192,'Joey','M',41,'No','Yes'),(121201,'Donovan','M',48,'Yes','No'),(121264,'Colby','M',54,'Yes','Yes'),(121303,'Glenda','F',37,'Yes','Yes'),(121514,'Shane','M',60,'Yes','Yes'),(121522,'Jillian','F',56,'No','Yes'),(121683,'Victor','M',59,'Yes','Yes'),(121724,'Ellen','F',38,'Yes','Yes'),(121831,'Frankie','M',52,'No','Yes'),(121854,'Rodney','M',54,'Yes','Yes'),(121962,'Saul','M',41,'Yes','Yes'),(122012,'Kathleen','F',56,'Yes','Yes'),(122112,'Daisy','F',47,'Yes','Yes'),(122137,'Luis','M',57,'Yes','Yes'),(122144,'Alec','M',55,'Yes','No'),(122147,'Lois','F',4,'Yes','Yes'),(122167,'Margie','F',46,'Yes','No'),(122230,'Jessica','F',32,'Yes','Yes'),(122260,'Warren','M',52,'Yes','Yes'),(122310,'Aubree','F',33,'No','Yes'),(122377,'Lester','M',31,'Yes','Yes'),(122577,'Shawn','M',39,'Yes','Yes'),(122580,'Faith','F',56,'Yes','No'),(122601,'Quinn','M',47,'Yes','Yes'),(122622,'Dexter','M',60,'No','Yes'),(122861,'Trey','M',31,'No','Yes'),(122915,'Carter','M',37,'Yes','Yes'),(122945,'Dwight','M',7,'Yes','Yes'),(123103,'Regina','F',5,'Yes','Yes'),(123247,'Todd','M',38,'Yes','Yes'),(123254,'Justin','M',35,'Yes','Yes'),(123398,'Shaun','M',38,'Yes','Yes'),(123508,'Abel','M',31,'Yes','No'),(123609,'Valentina','F',10,'Yes','Yes'),(123624,'Deanna','F',30,'Yes','No'),(123665,'Brandi','F',54,'Yes','No'),(123670,'Hubert','M',32,'Yes','Yes'),(123690,'Ciara','F',57,'No','Yes'),(123905,'Jaxson','M',60,'No','No'),(123978,'Dixie','F',56,'Yes','No'),(124386,'Leanne','F',47,'No','Yes'),(124580,'Essie','F',57,'No','Yes');
/*!40000 ALTER TABLE `victim_t` ENABLE KEYS */;
UNLOCK TABLES;
/*!40103 SET TIME_ZONE=@OLD_TIME_ZONE */;

/*!40101 SET SQL_MODE=@OLD_SQL_MODE */;
/*!40014 SET FOREIGN_KEY_CHECKS=@OLD_FOREIGN_KEY_CHECKS */;
/*!40014 SET UNIQUE_CHECKS=@OLD_UNIQUE_CHECKS */;
/*!40101 SET CHARACTER_SET_CLIENT=@OLD_CHARACTER_SET_CLIENT */;
/*!40101 SET CHARACTER_SET_RESULTS=@OLD_CHARACTER_SET_RESULTS */;
/*!40101 SET COLLATION_CONNECTION=@OLD_COLLATION_CONNECTION */;
/*!40111 SET SQL_NOTES=@OLD_SQL_NOTES */;



